,,,,,SVM
348.684,467.833,5,4,-119.149,34
380.586,500.535,6,4,-119.949,32
458.67,510.472,7,4,-51.802,11
449.591,456.391,8,4,-6.8,2
512.539,617.303,9,4,-104.764,20
527.758,847.735,10,4,-319.977,61
604.649,677.664,11,4,-73.015,12
586.253,874.054,12,4,-287.801,49
645.922,734.829,13,4,-88.907,14
710.046,739.756,14,4,-29.71,4
671.403,791.595,15,4,-120.192,18
690.915,838.955,16,4,-148.04,21
814.049,1076.356,17,4,-262.307,32
742.592,851.837,18,4,-109.245,15
832.022,1047.131,19,4,-215.109,26
879.625,976.804,20,4,-97.179,11
877.403,1063.162,21,4,-185.759,21
840.996,991.153,22,4,-150.157,18
911.492,1023.805,23,4,-112.313,12
1015.767,1208.256,24,4,-192.489,19
1060.448,1324.709,25,4,-264.261,25
1049.047,1403.809,26,4,-354.762,34
1189.481,1703.987,27,4,-514.506,43
1130.95,1407.422,28,4,-276.472,24
1272.718,1624.421,29,4,-351.703,28
1335.517,1587.327,30,4,-251.81,19
1365.062,1655.516,31,4,-290.454,21
1328.375,1633.768,32,4,-305.393,23
1305.058,1758.252,33,4,-453.194,35
1333.109,1716.836,34,4,-383.727,29
1432.316,1818.053,35,4,-385.737,27
1485.499,1760.521,36,4,-275.022,19
1427.033,1816.381,37,4,-389.348,27
1572.401,1894.337,38,4,-321.936,20
1592.441,1797.403,39,4,-204.962,13
1576.781,1864.775,40,4,-287.994,18
1659.756,2046.458,41,4,-386.702,23
1647.826,1966.817,42,4,-318.991,19
1602.36,2119.85,43,4,-517.49,32
1783.464,2172.084,44,4,-388.62,22
1810.796,2126.969,45,4,-316.173,17
1937.517,2465.033,46,4,-527.516,27
1641.358,2114.737,47,4,-473.379,29
1888.983,2185.805,48,4,-296.822,16
1921.117,2317.572,49,4,-396.455,21
1963.092,2268.819,50,4,-305.727,16
1817.161,2465.123,51,4,-647.962,36
1927.909,2350.326,52,4,-422.417,22
1998.767,2344.142,53,4,-345.375,17
2063.808,2252.891,54,4,-189.083,9
2135.427,2656.05,55,4,-520.623,24
2128.754,2698.916,56,4,-570.162,27
2135.407,2500.331,57,4,-364.924,17
2220.59,2696.214,58,4,-475.624,21
2098.051,2540.985,59,4,-442.934,21
2378.603,3316.801,60,4,-938.198,39
2415.081,2802.802,61,4,-387.721,16
2363.106,3059.67,62,4,-696.564,29
2378.195,2840.503,63,4,-462.308,19
2409.422,2859.439,64,4,-450.017,19
2599.651,3361.658,65,4,-762.007,29
2544.94,3345.978,66,4,-801.038,31
2531.025,3109.818,67,4,-578.793,23
2629.856,3180.528,68,4,-550.672,21
2641.067,3089.785,69,4,-448.718,17
2535.533,3105.817,70,4,-570.284,22
2560.806,3337.631,71,4,-776.825,30
2792.834,3109.639,72,4,-316.805,11
2675.124,3191.102,73,4,-515.978,19
2604.605,2973.614,74,4,-369.009,14
2763.935,3178.871,75,4,-414.936,15
2781.148,3223.115,76,4,-441.967,16
2789.936,3336.946,77,4,-547.01,20
2792.106,3306.669,78,4,-514.563,18
2844.436,3513.047,79,4,-668.611,24
2970.641,3884.646,80,4,-914.005,31
3149.349,3557.029,81,4,-407.68,13
3040.494,3467.35,82,4,-426.856,14
3229.858,3879.647,83,4,-649.789,20
2947.495,3531.045,84,4,-583.55,20
2974.158,3702.363,85,4,-728.205,24
3131.815,3778.62,86,4,-646.805,21
3038.611,3420.722,87,4,-382.111,13
3273.319,3966.489,88,4,-693.17,21
3152.84,3500.604,89,4,-347.764,11
3457.799,4224.936,90,4,-767.137,22
3303.351,4176.472,91,4,-873.121,26
3406.853,4261.498,92,4,-854.645,25
3151.842,3779.193,93,4,-627.351,20
3309.645,3960.888,94,4,-651.243,20
3375.37,3918.193,95,4,-542.823,16
3381.283,4028.396,96,4,-647.113,19
3508.597,4425.739,97,4,-917.142,26
3729.167,4591.121,98,4,-861.954,23
3516.29,3954.36,99,4,-438.07,12
3410.75,3856.529,100,4,-445.779,13
3611.913,4279.638,101,4,-667.725,18
3666.366,4066.301,102,4,-399.935,11
3611.469,4163.865,103,4,-552.396,15
3682.717,4553.081,104,4,-870.364,24
3799.472,4562.79,105,4,-763.318,20
3892.907,4858.76,106,4,-965.853,25
3738.402,4493.71,107,4,-755.308,20
3770.399,4342.301,108,4,-571.902,15
3844.233,4591.301,109,4,-747.068,19
3809.523,4344.838,110,4,-535.315,14
3922.656,4938.07,111,4,-1015.414,26
4088.809,5151.295,112,4,-1062.486,26
4088.93,4769.161,113,4,-680.231,17
4097.02,5002.968,114,4,-905.948,22
3941.169,4722.113,115,4,-780.944,20
4178.224,4795.061,116,4,-616.837,15
4116.902,4538.642,117,4,-421.74,10
4169.957,5113.017,118,4,-943.06,23
4160.428,4914.364,119,4,-753.936,18
4330.043,4934.268,120,4,-604.225,14
4253.006,5095.126,121,4,-842.12,20
4297.837,4719.202,122,4,-421.365,10
4323.419,5155.802,123,4,-832.383,19
4557.04,5440.099,124,4,-883.059,19
4281.479,5228.147,125,4,-946.668,22
4595.857,5280.51,126,4,-684.653,15
4367.456,5266.539,127,4,-899.083,21
4535.617,5258.672,128,4,-723.055,16
4554.252,5175.03,129,4,-620.778,14
4676.152,5601.598,130,4,-925.446,20
4586.104,5424.424,131,4,-838.32,18
4732.355,5763.485,132,4,-1031.13,22
4728.938,5469.558,133,4,-740.62,16
4898.244,5702.281,134,4,-804.037,16
4758.852,5720.325,135,4,-961.473,20
4869.077,5603.543,136,4,-734.466,15
4920.417,5635.838,137,4,-715.421,15
4908.845,5750.961,138,4,-842.116,17
4968.351,5703.987,139,4,-735.636,15
4888.108,5688.922,140,4,-800.814,16
5059.775,6083.288,141,4,-1023.513,20
4971.913,5886.737,142,4,-914.824,18
4892.077,6028.766,143,4,-1136.689,23
4742.265,5525.323,144,4,-783.058,17
5083.237,6129.687,145,4,-1046.45,21
5268.442,6447.363,146,4,-1178.921,22
5166.054,6081.613,147,4,-915.559,18
5129.195,6195.248,148,4,-1066.053,21
5280.524,5838.057,149,4,-557.533,11
5259.256,5955.184,150,4,-695.928,13
5042.805,5975.637,151,4,-932.832,18
5341.495,6110.944,152,4,-769.449,14
5248.848,6050.454,153,4,-801.606,15
5270.331,5928.418,154,4,-658.087,12
5439.077,6142.845,155,4,-703.768,13
5356.269,6276.941,156,4,-920.672,17
5450.173,6655.35,157,4,-1205.177,22
5137.774,5990.733,158,4,-852.959,17
5797.777,6665.719,159,4,-867.942,15
5451.831,6209.356,160,4,-757.525,14
5533.281,7029.67,161,4,-1496.389,27
5520.597,6542.672,162,4,-1022.075,19
5470.683,6451.249,163,4,-980.566,18
5759.861,7186.559,164,4,-1426.698,25
5797.382,6960.562,165,4,-1163.18,20
5852.247,6569.876,166,4,-717.629,12
5596.391,6629.862,167,4,-1033.471,18
6009.139,6753.078,168,4,-743.939,12
5899.25,6850.384,169,4,-951.134,16
5922.003,6903.796,170,4,-981.793,17
5987.906,6686.134,171,4,-698.228,12
6222.937,7292.489,172,4,-1069.552,17
5915.465,6751.344,173,4,-835.879,14
6291.545,7215.271,174,4,-923.726,15
5856.984,6901.911,175,4,-1044.927,18
6154.866,7083.39,176,4,-928.524,15
6125.803,7079.8,177,4,-953.997,16
6455.342,7265.995,178,4,-810.653,13
6360,7623.436,179,4,-1263.436,20
6097.682,7220.127,180,4,-1122.445,18
6392.156,7286.505,181,4,-894.349,14
6559.363,7503.851,182,4,-944.488,14
6414.073,7363.492,183,4,-949.419,15
6505.031,7481.015,184,4,-975.984,15
6623.074,7701.692,185,4,-1078.618,16
6432.474,7365.44,186,4,-932.966,15
6312.693,7500.637,187,4,-1187.944,19
6335.972,7445.006,188,4,-1109.034,18
6779.345,8203.959,189,4,-1424.614,21
6667.08,7576.481,190,4,-909.401,14
6466.474,7226.336,191,4,-759.862,12
6593.568,7752.513,192,4,-1158.945,18
6511.465,7292.019,193,4,-780.554,12
6694.455,7846.435,194,4,-1151.98,17
6869.532,8040.244,195,4,-1170.712,17
6907.485,7949.207,196,4,-1041.722,15
6736.689,8257.218,197,4,-1520.529,23
6647.089,7991.128,198,4,-1344.039,20
6867.762,8106.101,199,4,-1238.339,18
7058.979,7887.44,200,4,-828.461,12
6825.446,8013.167,201,4,-1187.721,17
6957.014,8180.553,202,4,-1223.539,18
7073.877,8555.796,203,4,-1481.919,21
7295.293,8468.358,204,4,-1173.065,16
7147.944,8255.786,205,4,-1107.842,15
6871.32,7998.424,206,4,-1127.104,16
7299.134,8491.767,207,4,-1192.633,16
6877.519,8010.143,208,4,-1132.624,16
7481.986,8745.216,209,4,-1263.23,17
7199.828,8403.87,210,4,-1204.042,17
7294.849,8350.634,211,4,-1055.785,14
7297.01,8478.018,212,4,-1181.008,16
7196.991,8546.172,213,4,-1349.181,19
7516.462,8552.756,214,4,-1036.294,14
7091.547,7882.36,215,4,-790.813,11
7488.627,8608.633,216,4,-1120.006,15
7367.279,8185.7,217,4,-818.421,11
7718.313,8998.24,218,4,-1279.927,17
7511.371,8868.75,219,4,-1357.379,18
7543.544,8600.436,220,4,-1056.892,14
7291.487,8492.744,221,4,-1201.257,16
7996.551,9253.361,222,4,-1256.81,16
7481.013,8365.184,223,4,-884.171,12
8071.546,8878.19,224,4,-806.644,10
7688.861,8651.058,225,4,-962.197,13
7859.474,9000.09,226,4,-1140.616,15
7783.186,8725.163,227,4,-941.977,12
8095.643,9553.161,228,4,-1457.518,18
7874.369,8965.585,229,4,-1091.216,14
7958.556,9649.674,230,4,-1691.118,21
7872.428,8910.867,231,4,-1038.439,13
7928.771,9328.44,232,4,-1399.669,18
7848.015,9315.973,233,4,-1467.958,19
8145.466,9548.864,234,4,-1403.398,17
8104.424,9643.078,235,4,-1538.654,19
8153.45,9450.729,236,4,-1297.279,16
8074.389,9385.775,237,4,-1311.386,16
8320.029,9727.404,238,4,-1407.375,17
8407.08,9692.266,239,4,-1285.186,15
8195.146,9469.416,240,4,-1274.27,16
8356.771,9474.601,241,4,-1117.83,13
8162.695,9173.347,242,4,-1010.652,12
8568.711,9451.021,243,4,-882.31,10
8353.802,9762.042,244,4,-1408.24,17
8353.294,9362.964,245,4,-1009.67,12
8459.582,9807.475,246,4,-1347.893,16
8583.896,10643.614,247,4,-2059.718,24
8535.662,10003.228,248,4,-1467.566,17
8552.876,9605.546,249,4,-1052.67,12
8284.382,9827.339,250,4,-1542.957,19
8507.399,9844.788,251,4,-1337.389,16
8806.551,9798.214,252,4,-991.663,11
8833.849,9490.872,253,4,-657.023,7
8922.659,10350.863,254,4,-1428.204,16
8607.037,9846.505,255,4,-1239.468,14
8497.497,10224.366,256,4,-1726.869,20
9012.811,10079.181,257,4,-1066.37,12
8547.511,10104.832,258,4,-1557.321,18
8735.726,10253.117,259,4,-1517.391,17
8927.429,10487.143,260,4,-1559.714,17
8906.941,9940.88,261,4,-1033.939,12
8807.143,10172.889,262,4,-1365.746,16
8948.06,10199.224,263,4,-1251.164,14
9181.7,10672.873,264,4,-1491.173,16
8997.13,10326.004,265,4,-1328.874,15
9129.169,10867.757,266,4,-1738.588,19
9212.266,10540.487,267,4,-1328.221,14
9261.151,11247.008,268,4,-1985.857,21
9060.247,9971.199,269,4,-910.952,10
9270.501,10759.882,270,4,-1489.381,16
9249.902,10379.032,271,4,-1129.13,12
9323.279,10235.876,272,4,-912.597,10
9063.004,10262.015,273,4,-1199.011,13
9489.83,11002.617,274,4,-1512.787,16
9298.889,10650.453,275,4,-1351.564,15
9354.452,10628.434,276,4,-1273.982,14
9237.195,10309.995,277,4,-1072.8,12
9691.858,10833.123,278,4,-1141.265,12
9505.585,11278.323,279,4,-1772.738,19
9410.489,10614.536,280,4,-1204.047,13
9318.31,11088.653,281,4,-1770.343,19
9410.084,10640.815,282,4,-1230.731,13
9646.333,11470.826,283,4,-1824.493,19
10085.385,11237.295,284,4,-1151.91,11
9744.242,11394.939,285,4,-1650.697,17
9798.107,10973.852,286,4,-1175.745,12
10006.972,11435.164,287,4,-1428.192,14
10217.808,11690.031,288,4,-1472.223,14
9705.185,11003.927,289,4,-1298.742,13
9771.028,11146.9,290,4,-1375.872,14
9872.001,11214.362,291,4,-1342.361,14
10053.438,11716.26,292,4,-1662.822,17
10169.707,11805.281,293,4,-1635.574,16
10214.211,11752.572,294,4,-1538.361,15
10088.981,11242.942,295,4,-1153.961,11
9741.341,10919.945,296,4,-1178.604,12
9767.512,10867.315,297,4,-1099.803,11
10302.485,11784.785,298,4,-1482.3,14
10249.07,11606.708,299,4,-1357.638,13
10245.348,11015.242,300,4,-769.894,8
10068.908,11806.775,301,4,-1737.867,17
10466.274,12108.006,302,4,-1641.732,16
10407.002,11468.582,303,4,-1061.58,10
10280.495,11847.763,304,4,-1567.268,15
10323.083,11728.656,305,4,-1405.573,14
10306.746,12070.527,306,4,-1763.781,17
10641.914,12040.645,307,4,-1398.731,13
10533.482,11753.283,308,4,-1219.801,12
10355.069,11784.429,309,4,-1429.36,14
10410.596,11943.019,310,4,-1532.423,15
10732.589,12321.856,311,4,-1589.267,15
10770.017,12806.93,312,4,-2036.913,19
10789.517,12537.281,313,4,-1747.764,16
10633.395,12162.194,314,4,-1528.799,14
10583.222,12090.488,315,4,-1507.266,14
10596.775,12323.712,316,4,-1726.937,16
10986.08,12358.004,317,4,-1371.924,12
11039.926,12732.28,318,4,-1692.354,15
10646.876,12459.216,319,4,-1812.34,17
10722.958,11931.5,320,4,-1208.542,11
11069.257,12430.21,321,4,-1360.953,12
10941.894,12470.946,322,4,-1529.052,14
10946.961,12441.291,323,4,-1494.33,14
11077.339,12512.501,324,4,-1435.162,13
10826.02,12130.515,325,4,-1304.495,12
11247.701,12680.477,326,4,-1432.776,13
10987.405,12765.22,327,4,-1777.815,16
10985.119,12563.805,328,4,-1578.686,14
11470.096,13052.078,329,4,-1581.982,14
10808.035,12213.778,330,4,-1405.743,13
10852.164,12066.721,331,4,-1214.557,11
11261.464,13175.659,332,4,-1914.195,17
11437.137,13097.897,333,4,-1660.76,15
11180.794,12728.31,334,4,-1547.516,14
11461.534,13238.204,335,4,-1776.67,16
11407.115,13681.356,336,4,-2274.241,20
11471.118,12956.392,337,4,-1485.274,13
11733.419,13407.894,338,4,-1674.475,14
11789.205,13835.171,339,4,-2045.966,17
11598.278,13588.833,340,4,-1990.555,17
11654.014,13131.789,341,4,-1477.775,13
11374.923,12859.951,342,4,-1485.028,13
11603.746,13631.773,343,4,-2028.027,17
11699.399,12954.705,344,4,-1255.306,11
11664.97,13590.252,345,4,-1925.282,17
11626.747,13039.969,346,4,-1413.222,12
11546.655,12874.509,347,4,-1327.854,11
12062.921,13929.748,348,4,-1866.827,15
11925.054,13423.266,349,4,-1498.212,13
11671.628,12977.454,350,4,-1305.826,11
11532.189,12637.629,351,4,-1105.44,10
12073.934,13607.088,352,4,-1533.154,13
11979.164,13803.813,353,4,-1824.649,15
11946.55,13361.567,354,4,-1415.017,12
12118.397,13379.417,355,4,-1261.02,10
11874.058,13214.927,356,4,-1340.869,11
12091.662,13889.503,357,4,-1797.841,15
12250.495,13534.932,358,4,-1284.437,10
12164.134,13882.57,359,4,-1718.436,14
12361.721,13689.432,360,4,-1327.711,11
12267.751,13899.469,361,4,-1631.718,13
12074.801,13725.994,362,4,-1651.193,14
12259.887,13671.784,363,4,-1411.897,12
12216.625,14069.656,364,4,-1853.031,15
12297.061,13874.113,365,4,-1577.052,13
12406.002,14510.438,366,4,-2104.436,17
12566.529,14239.695,367,4,-1673.166,13
12427.629,14025.258,368,4,-1597.629,13
12609.022,13785.446,369,4,-1176.424,9
12881.843,14599.863,370,4,-1718.02,13
12414.345,13585.62,371,4,-1171.275,9
12386.857,14335.753,372,4,-1948.896,16
12351.11,14778.763,373,4,-2427.653,20
12605.91,14006.541,374,4,-1400.631,11
12776.057,14250.254,375,4,-1474.197,12
12841.727,14367.876,376,4,-1526.149,12
12598.631,14385.45,377,4,-1786.819,14
12885.102,14195.883,378,4,-1310.781,10
12680.124,14680.057,379,4,-1999.933,16
13023.706,14701.347,380,4,-1677.641,13
12787.501,14075.496,381,4,-1287.995,10
13080.509,14887.027,382,4,-1806.518,14
12864.639,14344.105,383,4,-1479.466,12
12806.978,14915.152,384,4,-2108.174,16
12909.465,14873.706,385,4,-1964.241,15
12933.235,14656.346,386,4,-1723.111,13
13014.084,14818.889,387,4,-1804.805,14
13150.054,15073.611,388,4,-1923.557,15
13043.516,14564.488,389,4,-1520.972,12
13021.894,14381.986,390,4,-1360.092,10
12957.248,14392.233,391,4,-1434.985,11
13288.326,14900.002,392,4,-1611.676,12
13222.034,14796.818,393,4,-1574.784,12
13227.846,14965.533,394,4,-1737.687,13
12897.729,14146.643,395,4,-1248.914,10
13352.453,15290.669,396,4,-1938.216,15
13765.976,15413.074,397,4,-1647.098,12
13716.405,15574.735,398,4,-1858.33,14
13333.743,15691.93,399,4,-2358.187,18
13418.427,14741.201,400,4,-1322.774,10
13029.588,15118.565,401,4,-2088.977,16
13817.429,15793.099,402,4,-1975.67,14
13404.778,15316.877,403,4,-1912.099,14
13422.855,15070.62,404,4,-1647.765,12
13632.036,15614.952,405,4,-1982.916,15
13560.179,15194.781,406,4,-1634.602,12
13895.828,16049.183,407,4,-2153.355,15
13718.687,15919.012,408,4,-2200.325,16
13860.699,16155.94,409,4,-2295.241,17
13831.248,15883.122,410,4,-2051.874,15
13978.496,16177.269,411,4,-2198.773,16
13723.618,15037.372,412,4,-1313.754,10
13760.996,15308.273,413,4,-1547.277,11
14027.633,15963.398,414,4,-1935.765,14
13915.654,15846.847,415,4,-1931.193,14
13725.595,15410.242,416,4,-1684.647,12
14195.1,16265.227,417,4,-2070.127,15
14051.024,16162.653,418,4,-2111.629,15
14344.421,16405.444,419,4,-2061.023,14
13933.789,16136.81,420,4,-2203.021,16
13723.237,15586.252,421,4,-1863.015,14
14339.219,16162.916,422,4,-1823.697,13
14222.475,15804.782,423,4,-1582.307,11
14200.04,16333.825,424,4,-2133.785,15
14032.159,15997.276,425,4,-1965.117,14
14306.689,16155.336,426,4,-1848.647,13
14590.833,16794.533,427,4,-2203.7,15
14730.267,16266.908,428,4,-1536.641,10
14248.055,15794.551,429,4,-1546.496,11
14360.393,16179.012,430,4,-1818.619,13
14436.913,16261.001,431,4,-1824.088,13
14316.343,16379.921,432,4,-2063.578,14
14731.903,17527.886,433,4,-2795.983,19
14650.15,16562.781,434,4,-1912.631,13
15100.289,17268.307,435,4,-2168.018,14
14755.866,16480.942,436,4,-1725.076,12
15137.782,17064.468,437,4,-1926.686,13
14868.017,16747.215,438,4,-1879.198,13
14606.291,16462.366,439,4,-1856.075,13
14705.72,16259.711,440,4,-1553.991,11
15009.661,16517.404,441,4,-1507.743,10
15194.349,17352.569,442,4,-2158.22,14
14424.968,17243.265,443,4,-2818.297,20
14616.554,16584.177,444,4,-1967.623,13
15177.058,17185.032,445,4,-2007.974,13
15200.363,17221.343,446,4,-2020.98,13
14920.93,17208.955,447,4,-2288.025,15
14666.415,17517.79,448,4,-2851.375,19
15419.679,17205.639,449,4,-1785.96,12
15309.922,17768.182,450,4,-2458.26,16
15259.223,17202.15,451,4,-1942.927,13
15200.527,17686.017,452,4,-2485.49,16
15595.753,17661.244,453,4,-2065.491,13
15649.009,17707.459,454,4,-2058.45,13
15361.622,17564.119,455,4,-2202.497,14
15467.449,17552.357,456,4,-2084.908,13
15316.814,17324.327,457,4,-2007.513,13
15543.426,17438.75,458,4,-1895.324,12
15601.838,17365.247,459,4,-1763.409,11
15599.03,17220.682,460,4,-1621.652,10
15445.082,17445.902,461,4,-2000.82,13
15882.722,18006.811,462,4,-2124.089,13
15112.089,16989.619,463,4,-1877.53,12
15476.881,17252.238,464,4,-1775.357,11
15748.172,17706.618,465,4,-1958.446,12
15485.086,17577.25,466,4,-2092.164,14
15520.015,17752.232,467,4,-2232.217,14
16051.415,18567.005,468,4,-2515.59,16
15970.042,17577.131,469,4,-1607.089,10
15639.784,17356.091,470,4,-1716.307,11
15538.988,17716.916,471,4,-2177.928,14
16050.959,17879.449,472,4,-1828.49,11
15853.511,17436.944,473,4,-1583.433,10
16067.724,18000.039,474,4,-1932.315,12
16061.203,18012.871,475,4,-1951.668,12
15809.038,18260.364,476,4,-2451.326,16
16352.659,17935.491,477,4,-1582.832,10
16282.668,18141.404,478,4,-1858.736,11
16316.766,18573.068,479,4,-2256.302,14
16027.784,18360.35,480,4,-2332.566,15
16212.004,18121.792,481,4,-1909.788,12
16066.05,18448.469,482,4,-2382.419,15
16200.212,18219.344,483,4,-2019.132,12
16062.403,18191.066,484,4,-2128.663,13
16094.402,17656.246,485,4,-1561.844,10
16449.054,18588.137,486,4,-2139.083,13
16089.827,18720.055,487,4,-2630.228,16
16301.944,18001.434,488,4,-1699.49,10
16767.933,18930.155,489,4,-2162.222,13
16443.473,18577.942,490,4,-2134.469,13
15918.643,17456.965,491,4,-1538.322,10
16517.144,18816.764,492,4,-2299.62,14
16427.472,18727.815,493,4,-2300.343,14
16477.489,18738.996,494,4,-2261.507,14
16222.137,18625.79,495,4,-2403.653,15
16448.956,18847.205,496,4,-2398.249,15
16711.862,18393.039,497,4,-1681.177,10
16776.413,18878.602,498,4,-2102.189,13
16816.313,19219.936,499,4,-2403.623,14
16872.915,18871.11,500,4,-1998.195,12
16808.202,19004.689,501,4,-2196.487,13
17020.412,18589.934,502,4,-1569.522,9
17033.881,19526.194,503,4,-2492.313,15
17017.233,19564.3,504,4,-2547.067,15
17108.426,19282.837,505,4,-2174.411,13
16926.981,18605.206,506,4,-1678.225,10
16709.367,18528.782,507,4,-1819.415,11
16780.724,18800.847,508,4,-2020.123,12
17405.041,20523.31,509,4,-3118.269,18
16926.578,19312.352,510,4,-2385.774,14
17162.633,19201.157,511,4,-2038.524,12
16989.369,19343.42,512,4,-2354.051,14
16993.209,19248.662,513,4,-2255.453,13
17018.162,19323.025,514,4,-2304.863,14
17352.312,19140.882,515,4,-1788.57,10
17141.737,19125.584,516,4,-1983.847,12
17777.019,20067.434,517,4,-2290.415,13
17580.998,20188.78,518,4,-2607.782,15
16994.977,19141.008,519,4,-2146.031,13
17200.627,18768.029,520,4,-1567.402,9
17299.392,19786.658,521,4,-2487.266,14
17518.845,20818.084,522,4,-3299.239,19
17181.856,18949.877,523,4,-1768.021,10
18048.355,19858.535,524,4,-1810.18,10
17664.217,19708.268,525,4,-2044.051,12
17926.45,19764.963,526,4,-1838.513,10
17645.971,20528.98,527,4,-2883.009,16
17669.27,19603.772,528,4,-1934.502,11
17834,20194.65,529,4,-2360.65,13
17362.466,19411.04,530,4,-2048.574,12
17739.421,19844.288,531,4,-2104.867,12
17841.535,19443.311,532,4,-1601.776,9
17576.871,20438.635,533,4,-2861.764,16
18132.079,19895.516,534,4,-1763.437,10
17748.867,19511.219,535,4,-1762.352,10
18337.986,21057.551,536,4,-2719.565,15
18014.59,19782.96,537,4,-1768.37,10
18380.192,20882.337,538,4,-2502.145,14
17993.889,20512.667,539,4,-2518.778,14
18100.45,19884.475,540,4,-1784.025,10
18056.699,20578.164,541,4,-2521.465,14
17794.219,19682.434,542,4,-1888.215,11
18442.328,21000.509,543,4,-2558.181,14
18263.117,21500.739,544,4,-3237.622,18
18356.768,20774.472,545,4,-2417.704,13
17907.168,20018.029,546,4,-2110.861,12
17942.163,20170.82,547,4,-2228.657,12
18511.151,20279.388,548,4,-1768.237,10
18034.165,20469.521,549,4,-2435.356,14
18452.615,20435.047,550,4,-1982.432,11
18382.82,20503.204,551,4,-2120.384,12
18620.937,20898.008,552,4,-2277.071,12
18427.393,20733.377,553,4,-2305.984,13
18234.673,20564.527,554,4,-2329.854,13
18854.287,21249.775,555,4,-2395.488,13
18877.611,21222.509,556,4,-2344.898,12
18365.544,20316.723,557,4,-1951.179,11
18789.525,21319.493,558,4,-2529.968,13
18856.026,21126.189,559,4,-2270.163,12
18523,20924.069,560,4,-2401.069,13
18401.958,20875.391,561,4,-2473.433,13
18467.504,20877.284,562,4,-2409.78,13
18749.169,21374.259,563,4,-2625.09,14
18294.637,20382.558,564,4,-2087.921,11
19012.835,21219.46,565,4,-2206.625,12
19109.606,21905.168,566,4,-2795.562,15
18788.907,20584.142,567,4,-1795.235,10
19361.521,22041.7,568,4,-2680.179,14
19062.933,21774.069,569,4,-2711.136,14
19018.69,21975.74,570,4,-2957.05,16
18877.904,21031.062,571,4,-2153.158,11
19139.48,21399.918,572,4,-2260.438,12
19048.574,21839.92,573,4,-2791.346,15
18576.377,21184.543,574,4,-2608.166,14
19129.975,20654.627,575,4,-1524.652,8
19498.83,21932.202,576,4,-2433.372,12
19501.412,22238.483,577,4,-2737.071,14
19509.828,21913.462,578,4,-2403.634,12
19447.024,22225.406,579,4,-2778.382,14
19421.563,21805.834,580,4,-2384.271,12
19398.259,22137.027,581,4,-2738.768,14
19250.069,21851.139,582,4,-2601.07,14
19739.826,22348.484,583,4,-2608.658,13
19308.946,21692.398,584,4,-2383.452,12
19465.926,21613.509,585,4,-2147.583,11
19273.324,22011.858,586,4,-2738.534,14
19684.829,22911.915,587,4,-3227.086,16
19141.522,21863.952,588,4,-2722.43,14
19966.073,22616.366,589,4,-2650.293,13
19357.611,21807.408,590,4,-2449.797,13
19477.665,22317.657,591,4,-2839.992,15
20182.854,22348.576,592,4,-2165.722,11
19997.76,22425.252,593,4,-2427.492,12
20240.351,22737.393,594,4,-2497.042,12
19650.886,21851.216,595,4,-2200.33,11
20189.638,22820.282,596,4,-2630.644,13
20065.321,22906.998,597,4,-2841.677,14
20706.981,23792.276,598,4,-3085.295,15
20371.499,23005.415,599,4,-2633.916,13
20076.158,22540.237,600,4,-2464.079,12
20016.28,22566.754,601,4,-2550.474,13
20136.208,22403.716,602,4,-2267.508,11
19831.988,21635.799,603,4,-1803.811,9
20599.217,23143.167,604,4,-2543.95,12
19875.998,22646.985,605,4,-2770.987,14
20377.317,22679.468,606,4,-2302.151,11
20171.396,22083.004,607,4,-1911.608,9
20647.903,22766.031,608,4,-2118.128,10
20013.117,22933.937,609,4,-2920.82,15
20175.998,22709.436,610,4,-2533.438,13
20429.029,23399.606,611,4,-2970.577,15
20369.79,23065.047,612,4,-2695.257,13
20266.081,22456.055,613,4,-2189.974,11
20338.756,22486.153,614,4,-2147.397,11
20473.252,23210.209,615,4,-2736.957,13
20853.074,23338.554,616,4,-2485.48,12
20451.587,23279.237,617,4,-2827.65,14
20259.413,22222.763,618,4,-1963.35,10
20719.631,23343.815,619,4,-2624.184,13
21073.623,23022.711,620,4,-1949.088,9
20778.976,23737.772,621,4,-2958.796,14
20614.532,23533.718,622,4,-2919.186,14
20843.935,22897.489,623,4,-2053.554,10
21102.255,23438.124,624,4,-2335.869,11
21197.469,23661.019,625,4,-2463.55,12
20445.006,22538.69,626,4,-2093.684,10
21283.998,23949.048,627,4,-2665.05,13
21162.629,23354.222,628,4,-2191.593,10
20687.56,22902.304,629,4,-2214.744,11
21225.725,23249.923,630,4,-2024.198,10
20831.315,22963.256,631,4,-2131.941,10
20887.185,23225.14,632,4,-2337.955,11
21557.851,24220.334,633,4,-2662.483,12
21364.611,23458.166,634,4,-2093.555,10
20986.586,22712.145,635,4,-1725.559,8
21296.642,23541.494,636,4,-2244.852,11
21335.873,24438.366,637,4,-3102.493,15
21528.217,24006.385,638,4,-2478.168,12
21422.483,23456.356,639,4,-2033.873,9
21479.615,23590.354,640,4,-2110.739,10
21251.866,23523.716,641,4,-2271.85,11
21273.116,24044.715,642,4,-2771.599,13
21544.148,23543.529,643,4,-1999.381,9
21202.381,23580.594,644,4,-2378.213,11
21274.94,23669.665,645,4,-2394.725,11
21573.645,24269.663,646,4,-2696.018,12
22019.016,24811.938,647,4,-2792.922,13
22083.261,24245.267,648,4,-2162.006,10
21843.783,24851.5,649,4,-3007.717,14
22050.923,24489.463,650,4,-2438.54,11
21783.132,24359.132,651,4,-2576,12
21436.934,24170.585,652,4,-2733.651,13
21509.741,23845.159,653,4,-2335.418,11
22120.783,25394.535,654,4,-3273.752,15
21903.759,24614.056,655,4,-2710.297,12
21881.814,23934.934,656,4,-2053.12,9
22086.575,25508.713,657,4,-3422.138,15
22530.772,24329.825,658,4,-1799.053,8
22169.438,25884.394,659,4,-3714.956,17
21946.984,23641.559,660,4,-1694.575,8
22170.554,23926.304,661,4,-1755.75,8
22443.468,24984.175,662,4,-2540.707,11
22394.879,25145.508,663,4,-2750.629,12
21777.64,24455.313,664,4,-2677.673,12
22356.928,24548.543,665,4,-2191.615,10
22319.922,24776.9,666,4,-2456.978,11
21998.558,24198.373,667,4,-2199.815,10
22123.89,24955.587,668,4,-2831.697,13
22716.46,25156.01,669,4,-2439.55,11
22381.807,24489.272,670,4,-2107.465,9
22093.389,24464.051,671,4,-2370.662,11
22532,25185.531,672,4,-2653.531,12
22293.989,25136.685,673,4,-2842.696,13
22614.372,24806.774,674,4,-2192.402,10
22669.459,24489.243,675,4,-1819.784,8
23064.157,25537.449,676,4,-2473.292,11
22768.072,25532.102,677,4,-2764.03,12
22717.168,25681.522,678,4,-2964.354,13
22789.085,25282.674,679,4,-2493.589,11
22503.277,25082.872,680,4,-2579.595,11
22271.181,25113.946,681,4,-2842.765,13
23040.037,26090.942,682,4,-3050.905,13
22318.132,25239.403,683,4,-2921.271,13
22723.431,24507.311,684,4,-1783.88,8
23166.854,26599.874,685,4,-3433.02,15
23388.75,25473.892,686,4,-2085.142,9
22848.54,25508.73,687,4,-2660.19,12
23004.885,26747.316,688,4,-3742.431,16
23047.6,26095.664,689,4,-3048.064,13
23151.886,25358.123,690,4,-2206.237,10
23416.081,26394.574,691,4,-2978.493,13
23002.192,24785.713,692,4,-1783.521,8
22920.667,26245.078,693,4,-3324.411,15
23048.844,26037.581,694,4,-2988.737,13
23257.45,25664.689,695,4,-2407.239,10
23581.1,26850.197,696,4,-3269.097,14
23531.473,26282.811,697,4,-2751.338,12
23369.038,26330.026,698,4,-2960.988,13
23082.146,25683.171,699,4,-2601.025,11
23373.472,26238.195,700,4,-2864.723,12
23375.652,25388.283,701,4,-2012.631,9
23258.873,25608.203,702,4,-2349.33,10
23248.326,26555.865,703,4,-3307.539,14
23008.327,25847.879,704,4,-2839.552,12
23302.129,26370.146,705,4,-3068.017,13
23321.054,25453.879,706,4,-2132.825,9
23515.984,26552.199,707,4,-3036.215,13
23571.953,26229.311,708,4,-2657.358,11
23883.422,26728.91,709,4,-2845.488,12
23343.494,25965.486,710,4,-2621.992,11
23715.448,26529.776,711,4,-2814.328,12
23789.031,25517.642,712,4,-1728.611,7
23544.619,27108.546,713,4,-3563.927,15
24064.037,26903.339,714,4,-2839.302,12
24226.113,27750.22,715,4,-3524.107,15
24185.562,26406.967,716,4,-2221.405,9
24183.112,26827.176,717,4,-2644.064,11
23924.682,26084.821,718,4,-2160.139,9
24216.256,27098.903,719,4,-2882.647,12
24031.22,26758.315,720,4,-2727.095,11
24107.788,25848.839,721,4,-1741.051,7
24243.975,26305.237,722,4,-2061.262,9
24572.431,28798.631,723,4,-4226.2,17
24538.685,27903.867,724,4,-3365.182,14
24372.81,27289.268,725,4,-2916.458,12
23952.562,26092.012,726,4,-2139.45,9
24202.056,27364.839,727,4,-3162.783,13
24324.52,27857.536,728,4,-3533.016,15
24283.395,27385.341,729,4,-3101.946,13
24415.453,27088.739,730,4,-2673.286,11
23906.222,26532.489,731,4,-2626.267,11
24097.825,26979.684,732,4,-2881.859,12
24103.68,27100.216,733,4,-2996.536,12
23936.386,27836.997,734,4,-3900.611,16
23968.476,26733.195,735,4,-2764.719,12
24386.178,27140.918,736,4,-2754.74,11
24611.089,27822.724,737,4,-3211.635,13
24282.537,26999.967,738,4,-2717.43,11
24245.379,26408.033,739,4,-2162.654,9
24610.497,27730.141,740,4,-3119.644,13
24781.658,27748.384,741,4,-2966.726,12
24620.801,27001.345,742,4,-2380.544,10
25286.315,28316.661,743,4,-3030.346,12
25072.862,28485.74,744,4,-3412.878,14
24799.403,27219.238,745,4,-2419.835,10
25164.411,29169.022,746,4,-4004.611,16
24878.204,27269.681,747,4,-2391.477,10
24972.348,28271.932,748,4,-3299.584,13
25067.387,27591.501,749,4,-2524.114,10
24996.405,28269.632,750,4,-3273.227,13
25271.546,27955.354,751,4,-2683.808,11
25233.456,28083.702,752,4,-2850.246,11
25074.526,28335.105,753,4,-3260.579,13
25159.384,27588.359,754,4,-2428.975,10
25036.601,27644.031,755,4,-2607.43,10
25372.133,28511.295,756,4,-3139.162,12
25455.281,28731.618,757,4,-3276.337,13
25371.87,28574.184,758,4,-3202.314,13
24901.077,27866.374,759,4,-2965.297,12
25571.43,28142.174,760,4,-2570.744,10
25884.469,28842.74,761,4,-2958.271,11
25451.916,28251.642,762,4,-2799.726,11
25377.858,27833.531,763,4,-2455.673,10
25252.991,27463.587,764,4,-2210.596,9
25475.315,29680.925,765,4,-4205.61,17
25536.259,27819.558,766,4,-2283.299,9
25510.953,29291.237,767,4,-3780.284,15
25855.01,29142.455,768,4,-3287.445,13
25697.522,29005.928,769,4,-3308.406,13
25165.752,28715.745,770,4,-3549.993,14
25767.174,28643.363,771,4,-2876.189,11
25747.06,28497.745,772,4,-2750.685,11
25847.993,29375.72,773,4,-3527.727,14
25728.908,28706.47,774,4,-2977.562,12
26061.718,29427.695,775,4,-3365.977,13
25871.58,29484.042,776,4,-3612.462,14
25587.25,27632.399,777,4,-2045.149,8
25949.044,29053.69,778,4,-3104.646,12
26137.694,29063.582,779,4,-2925.888,11
25674.047,28631.528,780,4,-2957.481,12
26276.989,29897.726,781,4,-3620.737,14
25592.959,29021.965,782,4,-3429.006,13
25945.855,28970.041,783,4,-3024.186,12
25894.743,27972.049,784,4,-2077.306,8
26491.957,30213.082,785,4,-3721.125,14
25900.63,28438.238,786,4,-2537.608,10
26118.737,28975.204,787,4,-2856.467,11
26225.269,29552.574,788,4,-3327.305,13
26354.351,30237.456,789,4,-3883.105,15
26471.004,29010.878,790,4,-2539.874,10
26079.811,29131.415,791,4,-3051.604,12
26291.459,28941.258,792,4,-2649.799,10
26620.347,29532.987,793,4,-2912.64,11
26701.923,30507.047,794,4,-3805.124,14
26523.541,29537.395,795,4,-3013.854,11
26500.837,29087.159,796,4,-2586.322,10
26906.828,30496.066,797,4,-3589.238,13
26353.875,28929.469,798,4,-2575.594,10
26379.022,29440.001,799,4,-3060.979,12
26950.014,30359.153,800,4,-3409.139,13
26020.954,28544.645,801,4,-2523.691,10
26907.41,29815.198,802,4,-2907.788,11
27041.411,29434.675,803,4,-2393.264,9
26723.431,30453.337,804,4,-3729.906,14
27132.324,29795.194,805,4,-2662.87,10
26683.687,29736.52,806,4,-3052.833,11
26683.833,29231.93,807,4,-2548.097,10
26899.67,29859.056,808,4,-2959.386,11
27397.597,29489.05,809,4,-2091.453,8
26413.791,28935.453,810,4,-2521.662,10
26917.913,29997.814,811,4,-3079.901,11
27051.979,29903.597,812,4,-2851.618,11
27483.615,30506.798,813,4,-3023.183,11
26894.651,29254.537,814,4,-2359.886,9
27241.317,29689.49,815,4,-2448.173,9
27281.708,30227.328,816,4,-2945.62,11
27275.432,31362.501,817,4,-4087.069,15
27408.76,30692.97,818,4,-3284.21,12
27024.605,29958.591,819,4,-2933.986,11
27058.64,29869.339,820,4,-2810.699,10
27446.359,30553.852,821,4,-3107.493,11
27322.105,30802.757,822,4,-3480.652,13
27495.688,30959.373,823,4,-3463.685,13
26988.014,30106.936,824,4,-3118.922,12
27287.365,31798.598,825,4,-4511.233,17
27557.132,31336.516,826,4,-3779.384,14
27602.456,30778.418,827,4,-3175.962,12
27283.887,30461.119,828,4,-3177.232,12
27762.548,30179.916,829,4,-2417.368,9
27564.988,30304.322,830,4,-2739.334,10
27811.159,29716.732,831,4,-1905.573,7
28398.445,31542.564,832,4,-3144.119,11
27731.918,31063.753,833,4,-3331.835,12
27635.381,31211.293,834,4,-3575.912,13
27816.001,31054.743,835,4,-3238.742,12
27988.029,31501.89,836,4,-3513.861,13
28123.03,31489.425,837,4,-3366.395,12
27601.389,30371.848,838,4,-2770.459,10
28002.217,30601.944,839,4,-2599.727,9
27984.881,31046.635,840,4,-3061.754,11
28038.177,31371.267,841,4,-3333.09,12
28205.172,30956.809,842,4,-2751.637,10
28484.816,32799.401,843,4,-4314.585,15
27595.69,30610.531,844,4,-3014.841,11
28125.582,31671.923,845,4,-3546.341,13
28364.753,31411.309,846,4,-3046.556,11
28006.666,30656.168,847,4,-2649.502,9
28223.376,31495.081,848,4,-3271.705,12
28115.075,31057.031,849,4,-2941.956,10
28629.69,31714.792,850,4,-3085.102,11
27892.722,31300.02,851,4,-3407.298,12
28363.912,32656.483,852,4,-4292.571,15
29003.685,31895.997,853,4,-2892.312,10
28530.118,31677.382,854,4,-3147.264,11
28413.234,31114.522,855,4,-2701.288,10
28192.851,31629.249,856,4,-3436.398,12
28444.47,31607.116,857,4,-3162.646,11
28370.148,31770.839,858,4,-3400.691,12
28314.229,31312.974,859,4,-2998.745,11
29231.633,33100.311,860,4,-3868.678,13
29001.07,32319.109,861,4,-3318.039,11
28928.775,32494.688,862,4,-3565.913,12
29267.792,32126.708,863,4,-2858.916,10
28999.474,32387.859,864,4,-3388.385,12
28702.755,31632.748,865,4,-2929.993,10
28418.407,32370.841,866,4,-3952.434,14
29109.089,32546.317,867,4,-3437.228,12
29125.592,32166.058,868,4,-3040.466,10
28952.61,32262.941,869,4,-3310.331,11
28955.374,32605.55,870,4,-3650.176,13
28954.707,32599.155,871,4,-3644.448,13
28728.161,32104.547,872,4,-3376.386,12
29365.508,33106.429,873,4,-3740.921,13
28512.869,31447.153,874,4,-2934.284,10
29537.929,33193.327,875,4,-3655.398,12
29354.664,32919.054,876,4,-3564.39,12
28860.56,31764.473,877,4,-2903.913,10
29071.072,32465.386,878,4,-3394.314,12
29186.778,32008.791,879,4,-2822.013,10
29709.034,33429.946,880,4,-3720.912,13
29777.925,33043.604,881,4,-3265.679,11
28681.825,30982.463,882,4,-2300.638,8
29240.779,32519.504,883,4,-3278.725,11
29438.596,32685.579,884,4,-3246.983,11
29405.96,32393.055,885,4,-2987.095,10
29833.77,33123.504,886,4,-3289.734,11
28923.998,31347.519,887,4,-2423.521,8
29620.381,33496.612,888,4,-3876.231,13
30074.721,33381.475,889,4,-3306.754,11
29656.206,33066.315,890,4,-3410.109,11
29828.939,34137.166,891,4,-4308.227,14
30021.612,33656.17,892,4,-3634.558,12
29297.385,32999.431,893,4,-3702.046,13
30144.739,33938.18,894,4,-3793.441,13
29865.362,33365.748,895,4,-3500.386,12
29843.423,33826.102,896,4,-3982.679,13
30630.591,34733.395,897,4,-4102.804,13
30215.961,33697.791,898,4,-3481.83,12
29806.623,33409.221,899,4,-3602.598,12
29957.087,33820.752,900,4,-3863.665,13
29724.26,33138.495,901,4,-3414.235,11
30048.18,32741.444,902,4,-2693.264,9
29924.413,32702.947,903,4,-2778.534,9
30166.039,33339.162,904,4,-3173.123,11
30046.815,33665.571,905,4,-3618.756,12
29764.243,33533.087,906,4,-3768.844,13
30282.942,33341.896,907,4,-3058.954,10
30391.126,34657.038,908,4,-4265.912,14
30001.313,32980.551,909,4,-2979.238,10
30241.245,34351.609,910,4,-4110.364,14
30148.695,33568.594,911,4,-3419.899,11
30673.622,34321.7,912,4,-3648.078,12
29909.66,33964.765,913,4,-4055.105,14
30129.44,33356.245,914,4,-3226.805,11
29934.354,32169.433,915,4,-2235.079,7
30043.301,33425.082,916,4,-3381.781,11
30234.959,33325.948,917,4,-3090.989,10
30713.874,33771.727,918,4,-3057.853,10
30368.474,33251.161,919,4,-2882.687,9
31065.882,35063.111,920,4,-3997.229,13
30877.49,34612.432,921,4,-3734.942,12
30749.962,34728.846,922,4,-3978.884,13
30153.904,33160.644,923,4,-3006.74,10
30747.435,34207.051,924,4,-3459.616,11
31024.86,33934.295,925,4,-2909.435,9
30310.779,34185.051,926,4,-3874.272,13
30464.828,34224.656,927,4,-3759.828,12
31082.355,35091.946,928,4,-4009.591,13
31348.543,35246.739,929,4,-3898.196,12
31003.323,34413.333,930,4,-3410.01,11
30698.877,34946.006,931,4,-4247.129,14
30983.724,34641.082,932,4,-3657.358,12
30771.616,35044.842,933,4,-4273.226,14
30964.314,33919.852,934,4,-2955.538,10
31009.187,34330.353,935,4,-3321.166,11
30800.242,34237.046,936,4,-3436.804,11
31365.295,34549.581,937,4,-3184.286,10
30553.678,34291.382,938,4,-3737.704,12
31440.991,36750.735,939,4,-5309.744,17
31229.127,34620.776,940,4,-3391.649,11
30558.169,33936.199,941,4,-3378.03,11
31292.036,34831.754,942,4,-3539.718,11
31314.71,34482.727,943,4,-3168.017,10
31239.29,33871.609,944,4,-2632.319,8
31650.727,35665.522,945,4,-4014.795,13
31797.127,34603.502,946,4,-2806.375,9
32044.8,35249.949,947,4,-3205.149,10
31143.713,35016.303,948,4,-3872.59,12
31960.536,36188.881,949,4,-4228.345,13
31036.704,33779.797,950,4,-2743.093,9
31736.219,35581.524,951,4,-3845.305,12
31466.502,35207.089,952,4,-3740.587,12
31594.3,35120.383,953,4,-3526.083,11
31706.799,35654.215,954,4,-3947.416,12
31832.55,35333.695,955,4,-3501.145,11
31611.827,34529.408,956,4,-2917.581,9
31550.763,34460.289,957,4,-2909.526,9
30956.837,34001.908,958,4,-3045.071,10
31435.864,34136.692,959,4,-2700.828,9
32288.536,35827.571,960,4,-3539.035,11
32218.177,35944.08,961,4,-3725.903,12
31766.077,36519.774,962,4,-4753.697,15
32132.045,36212.141,963,4,-4080.096,13
31838.68,36075.287,964,4,-4236.607,13
31915.733,35109.892,965,4,-3194.159,10
32097.716,35829.648,966,4,-3731.932,12
32060.942,36966.194,967,4,-4905.252,15
31722.577,35944.728,968,4,-4222.151,13
32438.063,37248.232,969,4,-4810.169,15
32626.548,36444.97,970,4,-3818.422,12
32198.972,35766.496,971,4,-3567.524,11
32170.726,36116.998,972,4,-3946.272,12
32628.477,35203.26,973,4,-2574.783,8
32415.626,35478.165,974,4,-3062.539,9
32529.811,36075.492,975,4,-3545.681,11
31858.008,35001.84,976,4,-3143.832,10
32387.873,35340.263,977,4,-2952.39,9
32189.268,36213.613,978,4,-4024.345,13
32085.941,36531.629,979,4,-4445.688,14
32781.705,36427.331,980,4,-3645.626,11
32201.025,35722.356,981,4,-3521.331,11
32838.615,37759.555,982,4,-4920.94,15
32875.238,36759.857,983,4,-3884.619,12
32442.724,35878.715,984,4,-3435.991,11
32543.456,35585.053,985,4,-3041.597,9
32346.756,35697.298,986,4,-3350.542,10
33165.038,36101.625,987,4,-2936.587,9
32533.664,36134.382,988,4,-3600.718,11
32787.869,37140.658,989,4,-4352.789,13
32226.784,35663.07,990,4,-3436.286,11
33409.39,38441.519,991,4,-5032.129,15
33178.183,36380.588,992,4,-3202.405,10
33018.006,35906.752,993,4,-2888.746,9
32956.886,36369.201,994,4,-3412.315,10
32518.877,36571.596,995,4,-4052.719,12
33048.889,36548.309,996,4,-3499.42,11
32895.496,36708.551,997,4,-3813.055,12
33324.47,38280.416,998,4,-4955.946,15
32953.316,36614.902,999,4,-3661.586,11
33108.62,35906.934,1000,4,-2798.314,8
33288.409,36794.091,1001,4,-3505.682,11
33058.086,36669.392,1002,4,-3611.306,11
32973.234,36166.114,1003,4,-3192.88,10
33290.195,37043.285,1004,4,-3753.09,11
33684.548,37359.068,1005,4,-3674.52,11
33473.75,37027.873,1006,4,-3554.123,11
33228.602,37190.192,1007,4,-3961.59,12
33541.651,37007.052,1008,4,-3465.401,10
33545.785,36384.445,1009,4,-2838.66,8
33138.52,36878.611,1010,4,-3740.091,11
33252.539,36188.121,1011,4,-2935.582,9
33243.112,37031.151,1012,4,-3788.039,11
33439.552,36239.74,1013,4,-2800.188,8
33239.851,37110.007,1014,4,-3870.156,12
33322.707,37559.381,1015,4,-4236.674,13
33434.529,37208.366,1016,4,-3773.837,11
33915.074,36967.08,1017,4,-3052.006,9
33781.731,37550.57,1018,4,-3768.839,11
33701.526,37048.249,1019,4,-3346.723,10
34243.403,36771.555,1020,4,-2528.152,7
33074.837,36222.302,1021,4,-3147.465,10
34169.501,39149.76,1022,4,-4980.259,15
33993.81,37503.522,1023,4,-3509.712,10
33820.299,37910.094,1024,4,-4089.795,12