Esperado,Obtenido,# Tareas,,,ANN
222.079,299.007,17,16,-76.928,35
245.524,380.525,18,16,-135.001,55
259.35,456.193,19,16,-196.843,76
259.747,447.755,20,16,-188.008,72
277.615,475.375,21,16,-197.76,71
263.885,493.077,22,16,-229.192,87
306.866,455.173,23,16,-148.307,48
282.201,372.84,24,16,-90.639,32
277.35,488.3,25,16,-210.95,76
306.621,535.128,26,16,-228.507,75
324.682,449.51,27,16,-124.828,38
333.79,502.454,28,16,-168.664,51
326.417,519.821,29,16,-193.404,59
336.585,627.26,30,16,-290.675,86
354.382,489.901,31,16,-135.519,38
372.451,578.596,32,16,-206.145,55
338.11,591.828,33,16,-253.718,75
372.324,517.456,34,16,-145.132,39
327.699,552.4,35,16,-224.701,69
411.014,593.382,36,16,-182.368,44
383.126,435.763,37,16,-52.637,14
391.374,551.285,38,16,-159.911,41
377.38,541.387,39,16,-164.007,43
363.763,568.459,40,16,-204.696,56
434.178,695.747,41,16,-261.569,60
433.312,631.083,42,16,-197.771,46
411.726,603.62,43,16,-191.894,47
423.487,663.181,44,16,-239.694,57
419.296,641.911,45,16,-222.615,53
444.329,706.542,46,16,-262.213,59
399.132,721.343,47,16,-322.211,81
429.607,634.867,48,16,-205.26,48
431.406,660.876,49,16,-229.47,53
461.591,628.761,50,16,-167.17,36
470.847,774.756,51,16,-303.909,65
500.051,759.766,52,16,-259.715,52
486.016,772.487,53,16,-286.471,59
491.805,772.2,54,16,-280.395,57
486.253,743.589,55,16,-257.336,53
457.062,686.787,56,16,-229.725,50
514.307,820.609,57,16,-306.302,60
535.272,821.927,58,16,-286.655,54
497.568,743.226,59,16,-245.658,49
523.914,818.231,60,16,-294.317,56
533.95,992.956,61,16,-459.006,86
544.013,797.782,62,16,-253.769,47
503.584,808.433,63,16,-304.849,61
517.787,840.241,64,16,-322.454,62
610.726,1042.9,65,16,-432.174,71
528.181,804.699,66,16,-276.518,52
519.187,866.822,67,16,-347.635,67
544.254,811.806,68,16,-267.552,49
571.999,871.166,69,16,-299.167,52
572.631,848.02,70,16,-275.389,48
576.249,967.956,71,16,-391.707,68
591.495,1034.623,72,16,-443.128,75
593.794,1063.483,73,16,-469.689,79
581.483,993.881,74,16,-412.398,71
570.608,959.587,75,16,-388.979,68
571.294,983.183,76,16,-411.889,72
644.147,1061.717,77,16,-417.57,65
624.119,1157.041,78,16,-532.922,85
637.372,997.634,79,16,-360.262,57
617.892,1011.517,80,16,-393.625,64
582.489,847.973,81,16,-265.484,46
649.285,1237.719,82,16,-588.434,91
619.063,934.527,83,16,-315.464,51
637.763,1181.365,84,16,-543.602,85
706.102,1205.887,85,16,-499.785,71
694.64,1213.622,86,16,-518.982,75
608.541,966.476,87,16,-357.935,59
649.819,1106.358,88,16,-456.539,70
685.822,964.083,89,16,-278.261,41
660.603,1047.286,90,16,-386.683,59
685.149,1105.49,91,16,-420.341,61
695.979,1082.987,92,16,-387.008,56
646.332,923.768,93,16,-277.436,43
733.789,1076.019,94,16,-342.23,47
686.239,969.777,95,16,-283.538,41
667.988,1150.283,96,16,-482.295,72
656.546,993.255,97,16,-336.709,51
715.422,1096.42,98,16,-380.998,53
696.88,1195.099,99,16,-498.219,71
695.403,1175.961,100,16,-480.558,69
690.64,1071.004,101,16,-380.364,55
713.366,1177.859,102,16,-464.493,65
745.433,1087.557,103,16,-342.124,46
699.577,1252.012,104,16,-552.435,79
737.752,1101.066,105,16,-363.314,49
732.405,1152.75,106,16,-420.345,57
754.187,1170.918,107,16,-416.731,55
750.143,1223.734,108,16,-473.591,63
738.59,1156.843,109,16,-418.253,57
763.308,1247.882,110,16,-484.574,63
785.871,1120.745,111,16,-334.874,43
754.53,1252.413,112,16,-497.883,66
854.755,1242.255,113,16,-387.5,45
791.137,1274.889,114,16,-483.752,61
793.567,1179.101,115,16,-385.534,49
768.514,1320.831,116,16,-552.317,72
760.209,1356.487,117,16,-596.278,78
821.083,1327.89,118,16,-506.807,62
839.39,1392.6,119,16,-553.21,66
803.859,1287.346,120,16,-483.487,60
833.892,1274.689,121,16,-440.797,53
797.042,1174.107,122,16,-377.065,47
826.642,1253.39,123,16,-426.748,52
862.094,1307.613,124,16,-445.519,52
828.282,1253.331,125,16,-425.049,51
839.627,1398.566,126,16,-558.939,67
820.629,1239.278,127,16,-418.649,51
841.629,1591.106,128,16,-749.477,89
819.053,1598.981,129,16,-779.928,95
875.971,1397.848,130,16,-521.877,60
825.836,1166.6,131,16,-340.764,41
890.587,1336.085,132,16,-445.498,50
864.199,1243.307,133,16,-379.108,44
904.394,1526.282,134,16,-621.888,69
888.971,1719.194,135,16,-830.223,93
880.293,1376.154,136,16,-495.861,56
930.031,1272.157,137,16,-342.126,37
899.793,1532.582,138,16,-632.789,70
880.774,1234.229,139,16,-353.455,40
926.801,1525.682,140,16,-598.881,65
920.13,1277.937,141,16,-357.807,39
927.101,1736.81,142,16,-809.709,87
969.25,1584.56,143,16,-615.31,63
931.203,1414.907,144,16,-483.704,52
950.682,1387.559,145,16,-436.877,46
947.996,1591.991,146,16,-643.995,68
968.722,1566.058,147,16,-597.336,62
946.075,1489.67,148,16,-543.595,57
981.887,1402.607,149,16,-420.72,43
990.06,1600.324,150,16,-610.264,62
959.314,1515.558,151,16,-556.244,58
994.789,1440.005,152,16,-445.216,45
959.836,1264.479,153,16,-304.643,32
982.283,1564.03,154,16,-581.747,59
1003.581,1366.19,155,16,-362.609,36
1020.7,1512.276,156,16,-491.576,48
1020.341,1349.065,157,16,-328.724,32
992.427,1382.178,158,16,-389.751,39
1049.92,1649.339,159,16,-599.419,57
1016.366,1739.999,160,16,-723.633,71
1007.578,1736.568,161,16,-728.99,72
1030.738,1529.525,162,16,-498.787,48
1056.087,1633.871,163,16,-577.784,55
1062.967,1801.61,164,16,-738.643,69
1039.666,1813.488,165,16,-773.822,74
1042.287,1707.703,166,16,-665.416,64
1060.329,1794.444,167,16,-734.115,69
1069.058,1799.917,168,16,-730.859,68
1077.2,1532.222,169,16,-455.022,42
1044.007,1720.847,170,16,-676.84,65
1052.115,1602.448,171,16,-550.333,52
1143.044,1844.057,172,16,-701.013,61
1075.912,1733.544,173,16,-657.632,61
1108.93,1682.978,174,16,-574.048,52
1093.512,1712.048,175,16,-618.536,57
1080.37,1694.647,176,16,-614.277,57
1051.944,1561.145,177,16,-509.201,48
1120.999,1690.032,178,16,-569.033,51
1103.097,1566.257,179,16,-463.16,42
1118.778,1800.468,180,16,-681.69,61
1091.171,1851.384,181,16,-760.213,70
1166.823,1760.666,182,16,-593.843,51
1127.263,1706.838,183,16,-579.575,51
1118.748,1721.327,184,16,-602.579,54
1142.864,1930.052,185,16,-787.188,69
1162.688,1849.534,186,16,-686.846,59
1156.065,1779.715,187,16,-623.65,54
1159.006,1906.473,188,16,-747.467,64
1155.565,1829.813,189,16,-674.248,58
1166.532,1739.777,190,16,-573.245,49
1183.843,1958.184,191,16,-774.341,65
1183.792,2066.16,192,16,-882.368,75
1198.202,1990.973,193,16,-792.771,66
1179.848,1658.821,194,16,-478.973,41
1169.357,1684.084,195,16,-514.727,44
1159.709,1840.777,196,16,-681.068,59
1147.035,1549.686,197,16,-402.651,35
1197.298,1792.736,198,16,-595.438,50
1214.971,1929.523,199,16,-714.552,59
1203.202,1781.111,200,16,-577.909,48
1239.755,1782.14,201,16,-542.385,44
1264.866,1848.818,202,16,-583.952,46
1224.16,1722.149,203,16,-497.989,41
1261.291,1951.575,204,16,-690.284,55
1231.166,1892.566,205,16,-661.4,54
1261.184,2055.478,206,16,-794.294,63
1266.901,2056.05,207,16,-789.149,62
1276.755,1981.749,208,16,-704.994,55
1224.969,1863.552,209,16,-638.583,52
1280.489,2075.871,210,16,-795.382,62
1321.162,1949.684,211,16,-628.522,48
1304.008,1888.545,212,16,-584.537,45
1311.121,2186.947,213,16,-875.826,67
1299.989,1721.181,214,16,-421.192,32
1325.685,2240.495,215,16,-914.81,69
1251.699,1832.36,216,16,-580.661,46
1348.309,1919.76,217,16,-571.451,42
1326.793,2102.57,218,16,-775.777,58
1352.439,2054.861,219,16,-702.422,52
1322.208,1829.374,220,16,-507.166,38
1306.812,1877.788,221,16,-570.976,44
1307.519,1864.128,222,16,-556.609,43
1316.517,2035.82,223,16,-719.303,55
1303.81,1856.12,224,16,-552.31,42
1343.464,1995.85,225,16,-652.386,49
1393.173,1920.032,226,16,-526.859,38
1378.759,2146.508,227,16,-767.749,56
1383.85,2088.233,228,16,-704.383,51
1358.085,2106.287,229,16,-748.202,55
1354.918,2173.355,230,16,-818.437,60
1314.711,1945.229,231,16,-630.518,48
1330.758,2049.171,232,16,-718.413,54
1378.569,2528.14,233,16,-1149.571,83
1335.91,2244.331,234,16,-908.421,68
1416.742,1966.461,235,16,-549.719,39
1380.255,2074.084,236,16,-693.829,50
1405.414,1954.481,237,16,-549.067,39
1446.578,2286.088,238,16,-839.51,58
1381.558,2104.956,239,16,-723.398,52
1406.47,1924.912,240,16,-518.442,37
1402.312,2168.382,241,16,-766.07,55
1388.169,2167.942,242,16,-779.773,56
1436.98,2127.395,243,16,-690.415,48
1414.705,2258.066,244,16,-843.361,60
1476.562,2385.202,245,16,-908.64,62
1439.861,1909.981,246,16,-470.12,33
1420.032,1959.696,247,16,-539.664,38
1349.547,2002.823,248,16,-653.276,48
1443.537,2006.604,249,16,-563.067,39
1456.407,1985.165,250,16,-528.758,36
1441.086,2179.342,251,16,-738.256,51
1457.213,2060.271,252,16,-603.058,41
1449.774,1954.323,253,16,-504.549,35
1452.366,2346.683,254,16,-894.317,62
1505.206,2251.669,255,16,-746.463,50
1517.968,2305.23,256,16,-787.262,52
1513.086,2342.472,257,16,-829.386,55
1508.246,2133.404,258,16,-625.158,41
1481.804,2175.589,259,16,-693.785,47
1479.796,2017.77,260,16,-537.974,36
1538.889,2218.778,261,16,-679.889,44
1535.021,2087.968,262,16,-552.947,36
1509.047,2315.284,263,16,-806.237,53
1497.934,2268.494,264,16,-770.56,51
1496.633,2120.476,265,16,-623.843,42
1572.628,2416.595,266,16,-843.967,54
1561.777,2440.609,267,16,-878.832,56
1533.957,2042.342,268,16,-508.385,33
1565.944,2248.389,269,16,-682.445,44
1526.121,2309.694,270,16,-783.573,51
1541.258,2459.445,271,16,-918.187,60
1554.71,2454.869,272,16,-900.159,58
1594.3,2253.074,273,16,-658.774,41
1514.748,2444.148,274,16,-929.4,61
1612.29,2275.964,275,16,-663.674,41
1592.332,2407.599,276,16,-815.267,51
1626.101,2564.023,277,16,-937.922,58
1585.794,2374.235,278,16,-788.441,50
1588.116,2379.754,279,16,-791.638,50
1552.611,2337.33,280,16,-784.719,51
1584.132,2458.292,281,16,-874.16,55
1616.445,2408.988,282,16,-792.543,49
1586.472,2300.124,283,16,-713.652,45
1690.106,2302.298,284,16,-612.192,36
1595.678,2666.678,285,16,-1071,67
1691.771,2536.306,286,16,-844.535,50
1624.084,2498.059,287,16,-873.975,54
1667.908,2211.347,288,16,-543.439,33
1670.368,2469.638,289,16,-799.27,48
1692.308,2514.813,290,16,-822.505,49
1689.114,2516.648,291,16,-827.534,49
1644.866,2291.479,292,16,-646.613,39
1726.223,2614.154,293,16,-887.931,51
1723.997,2510.746,294,16,-786.749,46
1710.557,2399.826,295,16,-689.269,40
1683.763,2551.756,296,16,-867.993,52
1678.665,2421.715,297,16,-743.05,44
1735.911,2629.023,298,16,-893.112,51
1686.052,2439.457,299,16,-753.405,45
1667.513,2230.282,300,16,-562.769,34
1721.563,2413.447,301,16,-691.884,40
1747.232,2604.853,302,16,-857.621,49
1723.364,2879.814,303,16,-1156.45,67
1672.14,2337.86,304,16,-665.72,40
1736.445,2853.901,305,16,-1117.456,64
1762.091,2409.817,306,16,-647.726,37
1776.605,2681.449,307,16,-904.844,51
1739.087,2379.836,308,16,-640.749,37
1763.291,2484.875,309,16,-721.584,41
1722.684,2473.543,310,16,-750.859,44
1712.007,2550.579,311,16,-838.572,49
1786.018,2616.333,312,16,-830.315,46
1751.382,2483.351,313,16,-731.969,42
1830.963,2620.538,314,16,-789.575,43
1767.288,2539.285,315,16,-771.997,44
1732.196,2576.278,316,16,-844.082,49
1778.808,2796.291,317,16,-1017.483,57
1776.946,2810.329,318,16,-1033.383,58
1837.876,2675.536,319,16,-837.66,46
1761.227,2570.832,320,16,-809.605,46
1787.428,2595.111,321,16,-807.683,45
1842.098,2693.374,322,16,-851.276,46
1850.52,2785.091,323,16,-934.571,51
1844.3,2628.622,324,16,-784.322,43
1857.671,2837.05,325,16,-979.379,53
1875.948,2444.83,326,16,-568.882,30
1887.968,2637.198,327,16,-749.23,40
1864.875,2853.998,328,16,-989.123,53
1782.303,2577.589,329,16,-795.286,45
1789.757,2510.213,330,16,-720.456,40
1857.981,2715.201,331,16,-857.22,46
1866.777,2819.285,332,16,-952.508,51
1894.252,2920.506,333,16,-1026.254,54
1898.42,2710.903,334,16,-812.483,43
1898.78,3009.823,335,16,-1111.043,59
1826.778,2771.829,336,16,-945.051,52
1833.721,2820.948,337,16,-987.227,54
1952.978,2863.216,338,16,-910.238,47
1889.096,2830.165,339,16,-941.069,50
1923.069,2889.286,340,16,-966.217,50
1918.325,2631.595,341,16,-713.27,37
1892.672,2892.79,342,16,-1000.118,53
1927.551,2668.915,343,16,-741.364,38
1916.454,2974.316,344,16,-1057.862,55
1911.626,2749.576,345,16,-837.95,44
1951.981,2668.84,346,16,-716.859,37
1923.14,3225.339,347,16,-1302.199,68
1915.538,2973.054,348,16,-1057.516,55
1997.706,2689.63,349,16,-691.924,35
1976.193,3125.002,350,16,-1148.809,58
1976.549,2666.173,351,16,-689.624,35
1989.092,2835.685,352,16,-846.593,43
1974.666,2897.856,353,16,-923.19,47
2031.769,3202.225,354,16,-1170.456,58
1905.434,2696.895,355,16,-791.461,42
1982.717,2934.364,356,16,-951.647,48
1971.946,2831.277,357,16,-859.331,44
2030.674,3008.336,358,16,-977.662,48
2019.782,3013.613,359,16,-993.831,49
2011.251,2770.248,360,16,-758.997,38
1993.952,2707.624,361,16,-713.672,36
1955.978,2834.93,362,16,-878.952,45
1976.269,2682.816,363,16,-706.547,36
2056.327,3219.571,364,16,-1163.244,57
2050.657,2732.739,365,16,-682.082,33
2019.336,3217.234,366,16,-1197.898,59
1954.474,2757.383,367,16,-802.909,41
2039.62,2852.836,368,16,-813.216,40
2081.258,2876.042,369,16,-794.784,38
1999.507,2680.09,370,16,-680.583,34
2087.286,2913.003,371,16,-825.717,40
1979.998,2912.173,372,16,-932.175,47
2065.693,2836.267,373,16,-770.574,37
2090.078,3013.095,374,16,-923.017,44
2094.128,3363.374,375,16,-1269.246,61
2103.515,2902.913,376,16,-799.398,38
2079.742,2921.629,377,16,-841.887,40
2064.925,3139.51,378,16,-1074.585,52
2081.512,2963.62,379,16,-882.108,42
2165.022,3276.676,380,16,-1111.654,51
2131.517,3024.451,381,16,-892.934,42
2072.253,2833.886,382,16,-761.633,37
2088.846,2872.213,383,16,-783.367,38
2104.509,3017.349,384,16,-912.84,43
2135.857,3071.318,385,16,-935.461,44
2140.86,3001.841,386,16,-860.981,40
2073.275,3105.988,387,16,-1032.713,50
2182.551,2952.836,388,16,-770.285,35
2155.585,3187.827,389,16,-1032.242,48
2132.824,2953.893,390,16,-821.069,38
2193.338,3188.639,391,16,-995.301,45
2160.407,3025.432,392,16,-865.025,40
2113.07,3060.467,393,16,-947.397,45
2194.768,3045.371,394,16,-850.603,39
2218.226,3098.179,395,16,-879.953,40
2162.828,3281.442,396,16,-1118.614,52
2136.082,3225.95,397,16,-1089.868,51
2220.677,3343.2,398,16,-1122.523,51
2182.351,3127.624,399,16,-945.273,43
2132.5,3053.713,400,16,-921.213,43
2250.45,3244.286,401,16,-993.836,44
2244.588,3397.309,402,16,-1152.721,51
2200.423,2845.973,403,16,-645.55,29
2261.427,3204.568,404,16,-943.141,42
2203.033,3506.385,405,16,-1303.352,59
2244.9,3117.293,406,16,-872.393,39
2265.114,3119.156,407,16,-854.042,38
2252.106,3254.268,408,16,-1002.162,44
2228.589,3019.285,409,16,-790.696,35
2236.581,3303.594,410,16,-1067.013,48
2240.834,3242.689,411,16,-1001.855,45
2267.611,3342.795,412,16,-1075.184,47
2241.643,3481.231,413,16,-1239.588,55
2341.693,3156.236,414,16,-814.543,35
2256.267,3154.55,415,16,-898.283,40
2258.008,3243.081,416,16,-985.073,44
2343.279,3513.737,417,16,-1170.458,50
2258.151,3280.256,418,16,-1022.105,45
2275.318,3236.851,419,16,-961.533,42
2196.526,3160.642,420,16,-964.116,44
2348.302,3164.184,421,16,-815.882,35
2369.509,3332.018,422,16,-962.509,41
2279.072,3321.392,423,16,-1042.32,46
2251.244,3035.193,424,16,-783.949,35
2357.372,3223.246,425,16,-865.874,37
2335.686,3180.092,426,16,-844.406,36
2335.32,3429.803,427,16,-1094.483,47
2382.518,3614.713,428,16,-1232.195,52
2354.939,3326.105,429,16,-971.166,41
2323.515,3282.947,430,16,-959.432,41
2320.689,3441.95,431,16,-1121.261,48
2365.622,3290.279,432,16,-924.657,39
2328.728,3298.615,433,16,-969.887,42
2398.276,3410.977,434,16,-1012.701,42
2440.656,3463.062,435,16,-1022.406,42
2434.799,3664.058,436,16,-1229.259,50
2423.43,3624.931,437,16,-1201.501,50
2344.279,3517.301,438,16,-1173.022,50
2393.984,3564.657,439,16,-1170.673,49
2462.901,3563.654,440,16,-1100.753,45
2401.302,3427.386,441,16,-1026.084,43
2425.854,3450.404,442,16,-1024.55,42
2446.803,3643.081,443,16,-1196.278,49
2414.059,3531.808,444,16,-1117.749,46
2413.105,3296.221,445,16,-883.116,37
2439.174,3554.438,446,16,-1115.264,46
2429.198,3169.577,447,16,-740.379,30
2411.781,3499.125,448,16,-1087.344,45
2477.498,3347.794,449,16,-870.296,35
2430.125,3253.853,450,16,-823.728,34
2494.432,3410.949,451,16,-916.517,37
2435.984,3542.658,452,16,-1106.674,45
2534.263,3539.781,453,16,-1005.518,40
2446.389,3709.457,454,16,-1263.068,52
2487.873,3405.513,455,16,-917.64,37
2464.838,3860.634,456,16,-1395.796,57
2521.051,3480.821,457,16,-959.77,38
2442.912,3559.465,458,16,-1116.553,46
2479.166,3375.098,459,16,-895.932,36
2504.295,3381.468,460,16,-877.173,35
2493.156,3746.832,461,16,-1253.676,50
2498.589,3512.055,462,16,-1013.466,41
2505.587,3522.081,463,16,-1016.494,41
2479.82,3471.938,464,16,-992.118,40
2465.062,3492.267,465,16,-1027.205,42
2477.403,3317.503,466,16,-840.1,34
2546.482,3938.086,467,16,-1391.604,55
2496.031,3485.888,468,16,-989.857,40
2579.337,3676.733,469,16,-1097.396,43
2494.856,3597.856,470,16,-1103,44
2506.775,3725.875,471,16,-1219.1,49
2487.847,3652.887,472,16,-1165.04,47
2527.796,3388.967,473,16,-861.171,34
2547.011,3842.742,474,16,-1295.731,51
2596.501,3582.319,475,16,-985.818,38
2543.34,3604.622,476,16,-1061.282,42
2601.561,3719.235,477,16,-1117.674,43
2605.151,3731.616,478,16,-1126.465,43
2524.072,3779.243,479,16,-1255.171,50
2575.254,3843.569,480,16,-1268.315,49
2613.039,4108.587,481,16,-1495.548,57
2628.281,3831.805,482,16,-1203.524,46
2670.568,3703.722,483,16,-1033.154,39
2615.049,3417.548,484,16,-802.499,31
2606.074,3634.414,485,16,-1028.34,39
2637.795,3537.755,486,16,-899.96,34
2663.936,3869.806,487,16,-1205.87,45
2662.915,4087.597,488,16,-1424.682,54
2584.535,3645.559,489,16,-1061.024,41
2598.154,3808.97,490,16,-1210.816,47
2622.331,3798.07,491,16,-1175.739,45
2608.62,3514.755,492,16,-906.135,35
2630.268,3844.073,493,16,-1213.805,46
2617.975,3717.785,494,16,-1099.81,42
2586.076,3736.14,495,16,-1150.064,44
2669.521,4039.636,496,16,-1370.115,51
2698.873,3897.676,497,16,-1198.803,44
2760.971,4151.198,498,16,-1390.227,50
2679.856,3960.379,499,16,-1280.523,48
2717.893,3985.946,500,16,-1268.053,47
2721.522,3860.754,501,16,-1139.232,42
2695.763,3829.869,502,16,-1134.106,42
2675.803,3877.616,503,16,-1201.813,45
2793.606,3765.731,504,16,-972.125,35
2733.487,3955.264,505,16,-1221.777,45
2718.284,3672.068,506,16,-953.784,35
2678.177,3773.282,507,16,-1095.105,41
2765.656,4238.016,508,16,-1472.36,53
2695.335,3917.517,509,16,-1222.182,45
2729.181,4000.193,510,16,-1271.012,47
2746.139,4104.831,511,16,-1358.692,49
2732.247,4039.162,512,16,-1306.915,48
2777.316,3995.19,513,16,-1217.874,44
2709.747,4038.616,514,16,-1328.869,49
2760.211,4061.881,515,16,-1301.67,47
2830.387,4246.244,516,16,-1415.857,50
2748.885,3785.108,517,16,-1036.223,38
2751.565,3953.227,518,16,-1201.662,44
2783.925,4204.108,519,16,-1420.183,51
2844.924,3934.97,520,16,-1090.046,38
2858.014,4057.911,521,16,-1199.897,42
2768.457,3862.438,522,16,-1093.981,40
2802.66,3797.939,523,16,-995.279,36
2847.408,4143.149,524,16,-1295.741,46
2863.399,4032.506,525,16,-1169.107,41
2823.666,4152.162,526,16,-1328.496,47
2822.85,3850.332,527,16,-1027.482,36
2815.192,3844.306,528,16,-1029.114,37
2817.844,3901.831,529,16,-1083.987,38
2830.86,3820.327,530,16,-989.467,35
2863.25,3986.085,531,16,-1122.835,39
2844.425,4036.948,532,16,-1192.523,42
2861.077,4152.379,533,16,-1291.302,45
2870.596,4338.038,534,16,-1467.442,51
2826.361,4091.255,535,16,-1264.894,45
2838.706,3927.828,536,16,-1089.122,38
2871.573,4174.756,537,16,-1303.183,45
2784.091,4024.548,538,16,-1240.457,45
2896.281,4109.225,539,16,-1212.944,42
2934.221,4170.418,540,16,-1236.197,42
2965.639,4195.719,541,16,-1230.08,41
2873.156,4520.41,542,16,-1647.254,57
2888.738,4036.414,543,16,-1147.676,40
2882.379,4035.363,544,16,-1152.984,40
2915.28,4177.046,545,16,-1261.766,43
2865.107,4177.171,546,16,-1312.064,46
2869.04,3968.813,547,16,-1099.773,38
2917.876,4174.88,548,16,-1257.004,43
2956.839,4429.832,549,16,-1472.993,50
2928.213,4133.923,550,16,-1205.71,41
2910.192,4211.196,551,16,-1301.004,45
2970.505,4459.073,552,16,-1488.568,50
2971.361,4450.134,553,16,-1478.773,50
2956.084,3981.682,554,16,-1025.598,35
2978.81,3924.693,555,16,-945.883,32
3010.537,4601.804,556,16,-1591.267,53
2976.206,4311.955,557,16,-1335.749,45
2994.29,4219.622,558,16,-1225.332,41
2990.257,3963.253,559,16,-972.996,33
2925.447,4184.872,560,16,-1259.425,43
3013.66,4627.421,561,16,-1613.761,54
3102.277,4749.433,562,16,-1647.156,53
2970.252,4539.418,563,16,-1569.166,53
3033.064,4252.489,564,16,-1219.425,40
2979.26,4383.524,565,16,-1404.264,47
2988.706,4246.21,566,16,-1257.504,42
2969.005,4310.834,567,16,-1341.829,45
3006.591,4044.922,568,16,-1038.331,35
2950.385,4047.704,569,16,-1097.319,37
3018.686,4304.331,570,16,-1285.645,43
3067.391,4140.559,571,16,-1073.168,35
3079.099,4219.476,572,16,-1140.377,37
2988.153,4129.807,573,16,-1141.654,38
3070.405,4496.556,574,16,-1426.151,46
3027.358,4107.096,575,16,-1079.738,36
3096.417,4331.944,576,16,-1235.527,40
3079.323,4093.903,577,16,-1014.58,33
2997.316,4464.855,578,16,-1467.539,49
3023.35,4586.982,579,16,-1563.632,52
3038.758,4227.178,580,16,-1188.42,39
3117.217,4334.998,581,16,-1217.781,39
3076.039,4608.04,582,16,-1532.001,50
3093.636,4174.838,583,16,-1081.202,35
3087.525,4072.72,584,16,-985.195,32
3147.241,4199.526,585,16,-1052.285,33
3073.321,4220.636,586,16,-1147.315,37
3140.099,4341.857,587,16,-1201.758,38
3115.868,4447.484,588,16,-1331.616,43
3111.78,4858.896,589,16,-1747.116,56
3147.829,4553.865,590,16,-1406.036,45
3136.317,4438.472,591,16,-1302.155,42
3082.78,4336.078,592,16,-1253.298,41
3114.449,4293.564,593,16,-1179.115,38
3152.09,4348.122,594,16,-1196.032,38
3227.775,4457.612,595,16,-1229.837,38
3178.284,4484.834,596,16,-1306.55,41
3201.381,4795.689,597,16,-1594.308,50
3197.168,5029.498,598,16,-1832.33,57
3188.52,4290.418,599,16,-1101.898,35
3210.33,4724.448,600,16,-1514.118,47
3135.606,4145.515,601,16,-1009.909,32
3220.402,4777.521,602,16,-1557.119,48
3180.368,4339.83,603,16,-1159.462,36
3199.611,4527,604,16,-1327.389,41
3221.76,4563.558,605,16,-1341.798,42
3198.656,4405.298,606,16,-1206.642,38
3186.601,4445.859,607,16,-1259.258,40
3229.826,4379.656,608,16,-1149.83,36
3188.609,4581.488,609,16,-1392.879,44
3215.788,4814.713,610,16,-1598.925,50
3213.506,4419.343,611,16,-1205.837,38
3239.814,4331.739,612,16,-1091.925,34
3205.534,4580.848,613,16,-1375.314,43
3233.96,4561.321,614,16,-1327.361,41
3278.882,4562.921,615,16,-1284.039,39
3198.767,4305.995,616,16,-1107.228,35
3188.04,4442.122,617,16,-1254.082,39
3297.772,4782.435,618,16,-1484.663,45
3291.528,4556.988,619,16,-1265.46,38
3314.019,4648.77,620,16,-1334.751,40
3279.45,4938.928,621,16,-1659.478,51
3349.799,4764.213,622,16,-1414.414,42
3300.025,4965.088,623,16,-1665.063,50
3300.777,4306.311,624,16,-1005.534,30
3316.355,4293.295,625,16,-976.94,29
3370.813,4682.2,626,16,-1311.387,39
3278.323,4799.074,627,16,-1520.751,46
3355.69,4737.062,628,16,-1381.372,41
3320.662,4747.998,629,16,-1427.336,43
3304.379,4373.341,630,16,-1068.962,32
3350.927,5025.183,631,16,-1674.256,50
3379.698,5016.219,632,16,-1636.521,48
3388.246,4671.088,633,16,-1282.842,38
3259.205,4652.004,634,16,-1392.799,43
3261.348,4623.341,635,16,-1361.993,42
3271.196,4779.037,636,16,-1507.841,46
3384.56,4792.813,637,16,-1408.253,42
3476.707,4675.066,638,16,-1198.359,34
3327.242,4636.405,639,16,-1309.163,39
3362.872,4661.342,640,16,-1298.47,39
3409.22,4999.353,641,16,-1590.133,47
3340.254,4701.721,642,16,-1361.467,41
3433.525,5148.335,643,16,-1714.81,50
3384.422,4551.552,644,16,-1167.13,34
3448.44,4568.07,645,16,-1119.63,32
3388.898,4701.907,646,16,-1313.009,39
3435.334,5069.399,647,16,-1634.065,48
3405.025,4574.377,648,16,-1169.352,34
3417.92,4864.253,649,16,-1446.333,42
3431.343,4921.991,650,16,-1490.648,43
3493.874,4955.541,651,16,-1461.667,42
3466.074,5010.929,652,16,-1544.855,45
3418.208,4947.629,653,16,-1529.421,45
3431.996,4704.724,654,16,-1272.728,37
3487.239,4868.572,655,16,-1381.333,40
3381.661,4858.948,656,16,-1477.287,44
3401.864,4833.1,657,16,-1431.236,42
3515.737,4579.523,658,16,-1063.786,30
3458.905,4792.999,659,16,-1334.094,39
3478.837,4864.339,660,16,-1385.502,40
3451.22,4948.241,661,16,-1497.021,43
3523.285,4592.847,662,16,-1069.562,30
3518.332,5099.887,663,16,-1581.555,45
3450.882,4794.389,664,16,-1343.507,39
3531.338,5122.498,665,16,-1591.16,45
3493.042,5004.014,666,16,-1510.972,43
3534.854,4943.702,667,16,-1408.848,40
3493.865,4608.681,668,16,-1114.816,32
3446.337,4585.703,669,16,-1139.366,33
3521.05,5002.967,670,16,-1481.917,42
3575.41,4703.061,671,16,-1127.651,32
3483.824,4662.655,672,16,-1178.831,34
3554.061,4953.351,673,16,-1399.29,39
3540.946,5286.748,674,16,-1745.802,49
3530.356,5014.654,675,16,-1484.298,42
3581.298,5068.924,676,16,-1487.626,42
3510.129,4888.018,677,16,-1377.889,39
3560.669,4733.902,678,16,-1173.233,33
3551.843,5164.292,679,16,-1612.449,45
3536.436,4800.489,680,16,-1264.053,36
3573.929,4760.981,681,16,-1187.052,33
3595.271,4656.639,682,16,-1061.368,30
3573.822,5832.173,683,16,-2258.351,63
3595.021,5040.093,684,16,-1445.072,40
3553.241,4842.138,685,16,-1288.897,36
3530.307,4607.954,686,16,-1077.647,31
3659.051,5084.969,687,16,-1425.918,39
3585.219,4810.688,688,16,-1225.469,34
3639.705,4977.683,689,16,-1337.978,37
3701.344,5245.434,690,16,-1544.09,42
3673.15,5166.853,691,16,-1493.703,41
3664.329,5092.897,692,16,-1428.568,39
3664.344,5552.276,693,16,-1887.932,52
3665.354,5042.241,694,16,-1376.887,38
3599.328,4975.618,695,16,-1376.29,38
3758.106,5156.374,696,16,-1398.268,37
3703.816,5406.782,697,16,-1702.966,46
3673.684,4819.594,698,16,-1145.91,31
3551.944,5234.633,699,16,-1682.689,47
3721.765,4976.068,700,16,-1254.303,34
3661.951,5142.817,701,16,-1480.866,40
3724.43,5370.794,702,16,-1646.364,44
3651.586,5055.315,703,16,-1403.729,38
3661.055,4981.174,704,16,-1320.119,36
3643.435,5070.587,705,16,-1427.152,39
3787.856,5278.566,706,16,-1490.71,39
3703.71,4913.295,707,16,-1209.585,33
3707.437,5257.244,708,16,-1549.807,42
3707.482,5066.646,709,16,-1359.164,37
3653.298,5035.999,710,16,-1382.701,38
3735.269,4943.601,711,16,-1208.332,32
3803.713,5288.003,712,16,-1484.29,39
3655.67,5187.858,713,16,-1532.188,42
3844.284,5506.182,714,16,-1661.898,43
3735.246,5058.181,715,16,-1322.935,35
3726.376,5046.239,716,16,-1319.863,35
3622.804,5092.753,717,16,-1469.949,41
3772.125,5645.433,718,16,-1873.308,50
3816.854,5248.317,719,16,-1431.463,38
3717.675,5446.24,720,16,-1728.565,46
3702.825,5402.684,721,16,-1699.859,46
3803.046,5426.042,722,16,-1622.996,43
3835.193,5030.656,723,16,-1195.463,31
3800.143,5294.649,724,16,-1494.506,39
3775.121,5397.563,725,16,-1622.442,43
3908.317,5321.598,726,16,-1413.281,36
3850.571,5296.841,727,16,-1446.27,38
3823.779,5206.64,728,16,-1382.861,36
3888.658,5457.01,729,16,-1568.352,40
3813.957,5287.045,730,16,-1473.088,39
3739.625,4914.964,731,16,-1175.339,31
3783.918,5189.241,732,16,-1405.323,37
3794.285,5501.626,733,16,-1707.341,45
3828.991,5505.292,734,16,-1676.301,44
3730.025,5224.776,735,16,-1494.751,40
3843.169,5407.177,736,16,-1564.008,41
3941.274,5148.751,737,16,-1207.477,31
3871.787,5048.048,738,16,-1176.261,30
3859.117,5157.864,739,16,-1298.747,34
3899.448,5647.625,740,16,-1748.177,45
3888.047,5214.655,741,16,-1326.608,34
3871.193,5510.574,742,16,-1639.381,42
3938.9,5497.165,743,16,-1558.265,40
3835.618,5032.633,744,16,-1197.015,31
3847.18,5096.795,745,16,-1249.615,32
3927.208,5496.718,746,16,-1569.51,40
3938.152,5725.836,747,16,-1787.684,45
3870.347,5462.184,748,16,-1591.837,41
3864.941,5052.566,749,16,-1187.625,31
3886.74,5407.024,750,16,-1520.284,39
3996.492,5799.757,751,16,-1803.265,45
3880.593,5098.032,752,16,-1217.439,31
3934.898,5409.428,753,16,-1474.53,37
3988.232,5992.913,754,16,-2004.681,50
3919.123,5323.459,755,16,-1404.336,36
3885.314,5474.031,756,16,-1588.717,41
4009.479,5402.611,757,16,-1393.132,35
4027.743,5441.465,758,16,-1413.722,35
3905.47,6035.638,759,16,-2130.168,55
4069.682,5734.471,760,16,-1664.789,41
3934.936,5561.184,761,16,-1626.248,41
4017.582,5531.132,762,16,-1513.55,38
4042.29,5485.916,763,16,-1443.626,36
3913.02,5527.388,764,16,-1614.368,41
3999.256,6150.881,765,16,-2151.625,54
4069.136,5786.503,766,16,-1717.367,42
4027.985,5829.014,767,16,-1801.029,45
4059.812,5616.941,768,16,-1557.129,38
3988.009,5380.645,769,16,-1392.636,35
3986.537,5321.943,770,16,-1335.406,33
3980.84,5465.111,771,16,-1484.271,37
3970.153,5519.509,772,16,-1549.356,39
4051.437,5448.824,773,16,-1397.387,34
4010.747,6161.517,774,16,-2150.77,54
4129.584,5633.39,775,16,-1503.806,36
3941.715,5496.809,776,16,-1555.094,39
4030.588,5478.051,777,16,-1447.463,36
4080.78,5292.273,778,16,-1211.493,30
4086.459,5695.073,779,16,-1608.614,39
4079.914,5796.696,780,16,-1716.782,42
4053.286,5807.654,781,16,-1754.368,43
3989.502,5465.001,782,16,-1475.499,37
4054.562,5981.604,783,16,-1927.042,48
4084.345,5934.135,784,16,-1849.79,45
4081.206,5587.668,785,16,-1506.462,37
4048.356,5834.903,786,16,-1786.547,44
4105.978,5773.015,787,16,-1667.037,41
4096.12,5394.922,788,16,-1298.802,32
3950.008,5289.461,789,16,-1339.453,34
4106.727,5648.762,790,16,-1542.035,38
4151.726,5762.756,791,16,-1611.03,39
4081.378,5502.538,792,16,-1421.16,35
4116.326,5645.243,793,16,-1528.917,37
4125.186,5975.077,794,16,-1849.891,45
4140.044,5835.866,795,16,-1695.822,41
4114.344,5710.312,796,16,-1595.968,39
4134.648,5780.251,797,16,-1645.603,40
4109.972,5602.265,798,16,-1492.293,36
4130.913,5637.036,799,16,-1506.123,36
4201.13,5999.784,800,16,-1798.654,43
4175.112,5841.672,801,16,-1666.56,40
4149.574,5830.407,802,16,-1680.833,41
4169.94,6009.861,803,16,-1839.921,44
4130.962,5632.247,804,16,-1501.285,36
4173.954,6178.929,805,16,-2004.975,48
4188.65,5900.203,806,16,-1711.553,41
4174.34,5896.989,807,16,-1722.649,41
4159.476,5889.627,808,16,-1730.151,42
4217.829,6272.783,809,16,-2054.954,49
4182.53,5678.437,810,16,-1495.907,36
4179.989,6250.355,811,16,-2070.366,50
4171.591,5734.737,812,16,-1563.146,37
4231.648,5958.056,813,16,-1726.408,41
4162.429,5819.764,814,16,-1657.335,40
4179.304,5941.21,815,16,-1761.906,42
4233.615,5875.43,816,16,-1641.815,39
4185.208,5546.21,817,16,-1361.002,33
4271.797,5923.961,818,16,-1652.164,39
4339.039,5788.696,819,16,-1449.657,33
4277.393,5839.604,820,16,-1562.211,37
4390.083,6524.148,821,16,-2134.065,49
4253.369,5596.222,822,16,-1342.853,32
4191.616,5375.543,823,16,-1183.927,28
4214.999,5938.463,824,16,-1723.464,41
4348.796,5807.361,825,16,-1458.565,34
4276.921,6125.794,826,16,-1848.873,43
4254.271,6235.025,827,16,-1980.754,47
4365.922,5959.269,828,16,-1593.347,36
4319.937,6032.492,829,16,-1712.555,40
4201.152,6306.046,830,16,-2104.894,50
4327.333,5665.878,831,16,-1338.545,31
4299.449,5976.582,832,16,-1677.133,39
4339.833,5932.967,833,16,-1593.134,37
4335.516,5811.041,834,16,-1475.525,34
4328.021,5964.044,835,16,-1636.023,38
4292.702,5587.398,836,16,-1294.696,30
4374.817,6118.892,837,16,-1744.075,40
4436.267,6314.233,838,16,-1877.966,42
4310.855,5937.904,839,16,-1627.049,38
4321.505,5538.25,840,16,-1216.745,28
4409.576,6443.797,841,16,-2034.221,46
4372.367,6000.561,842,16,-1628.194,37
4389.512,6164.945,843,16,-1775.433,40
4422.96,6302.228,844,16,-1879.268,42
4397.452,6134.052,845,16,-1736.6,39
4469.269,6364.02,846,16,-1894.751,42
4358.586,6280.403,847,16,-1921.817,44
4346.079,6152.07,848,16,-1805.991,42
4408.747,6094.158,849,16,-1685.411,38
4385.271,5999.801,850,16,-1614.53,37
4310.964,5571.136,851,16,-1260.172,29
4374.807,6023.188,852,16,-1648.381,38
4435.137,6324.743,853,16,-1889.606,43
4378.472,6195.539,854,16,-1817.067,42
4395.602,6092.027,855,16,-1696.425,39
4417.924,5796.422,856,16,-1378.498,31
4450.107,6231.103,857,16,-1780.996,40
4407.932,5646.736,858,16,-1238.804,28
4409.645,6264.381,859,16,-1854.736,42
4516.057,6120.758,860,16,-1604.701,36
4483.975,6166.018,861,16,-1682.043,38
4386.737,5858.122,862,16,-1471.385,34
4524.201,6180.494,863,16,-1656.293,37
4442.954,5966.034,864,16,-1523.08,34
4448.721,5818.122,865,16,-1369.401,31
4470.117,6265.944,866,16,-1795.827,40
4376.59,5881.378,867,16,-1504.788,34
4510.469,6146.326,868,16,-1635.857,36
4517.526,6353.71,869,16,-1836.184,41
4467.798,5866.55,870,16,-1398.752,31
4466.799,6012.2,871,16,-1545.401,35
4428.391,5966.541,872,16,-1538.15,35
4534.255,6299.512,873,16,-1765.257,39
4604.577,6291.832,874,16,-1687.255,37
4477.729,6038.788,875,16,-1561.059,35
4578.309,6455.952,876,16,-1877.643,41
4529.313,6489.19,877,16,-1959.877,43
4486.682,6574.917,878,16,-2088.235,47
4576.909,6363.042,879,16,-1786.133,39
4484.893,6126.771,880,16,-1641.878,37
4617.19,6460.343,881,16,-1843.153,40
4566.142,6010.35,882,16,-1444.208,32
4576.8,5969.734,883,16,-1392.934,30
4555.777,6111.846,884,16,-1556.069,34
4484.04,6237.182,885,16,-1753.142,39
4580.192,6158.376,886,16,-1578.184,34
4543.812,6016.111,887,16,-1472.299,32
4610.335,6339.213,888,16,-1728.878,38
4676.35,6446.724,889,16,-1770.374,38
4574.388,6264.399,890,16,-1690.011,37
4584.328,6351.393,891,16,-1767.065,39
4707.703,6379.54,892,16,-1671.837,36
4604.442,6339.497,893,16,-1735.055,38
4624.258,6197.218,894,16,-1572.96,34
4716.171,6582.396,895,16,-1866.225,40
4723.565,6661.437,896,16,-1937.872,41
4600.058,6677.05,897,16,-2076.992,45
4654.347,6261.8,898,16,-1607.453,35
4586.857,6534.314,899,16,-1947.457,42
4647.976,6059.07,900,16,-1411.094,30
4725.146,6383.868,901,16,-1658.722,35
4621.206,6636.124,902,16,-2014.918,44
4715.567,6291.682,903,16,-1576.115,33
4718.536,6354.834,904,16,-1636.298,35
4679.907,6396.785,905,16,-1716.878,37
4737.008,6242.113,906,16,-1505.105,32
4650.922,6312.906,907,16,-1661.984,36
4681.328,6258.001,908,16,-1576.673,34
4760.071,6619.252,909,16,-1859.181,39
4712.094,6655.284,910,16,-1943.19,41
4696.905,6458.294,911,16,-1761.389,38
4774.255,6623.898,912,16,-1849.643,39
4772.515,6442.362,913,16,-1669.847,35
4697.772,6695.663,914,16,-1997.891,43
4697.655,6273.273,915,16,-1575.618,34
4738.5,6350.502,916,16,-1612.002,34
4700.708,6467.567,917,16,-1766.859,38
4643.15,6527.023,918,16,-1883.873,41
4715.898,6268.012,919,16,-1552.114,33
4698.739,6336.563,920,16,-1637.824,35
4776.336,6558.916,921,16,-1782.58,37
4640.813,6093.066,922,16,-1452.253,31
4645.399,6444.493,923,16,-1799.094,39
4791.259,6533.027,924,16,-1741.768,36
4739.773,6371.254,925,16,-1631.481,34
4777.807,6737.952,926,16,-1960.145,41
4795.469,6989.905,927,16,-2194.436,46
4766.848,6703.968,928,16,-1937.12,41
4867.269,6684.524,929,16,-1817.255,37
4764.259,6333.107,930,16,-1568.848,33
4822.349,6675.514,931,16,-1853.165,38
4780.897,6576.354,932,16,-1795.457,38
4891.198,6484.212,933,16,-1593.014,33
4851.843,6577.997,934,16,-1726.154,36
4776.225,6507.895,935,16,-1731.67,36
4752.248,7005.589,936,16,-2253.341,47
4861.662,6463.375,937,16,-1601.713,33
4909.571,6543.613,938,16,-1634.042,33
4779.32,6485.274,939,16,-1705.954,36
4818.504,6688.945,940,16,-1870.441,39
4885.437,6569.457,941,16,-1684.02,34
4885.552,6547.287,942,16,-1661.735,34
4779.075,6928.139,943,16,-2149.064,45
4813.148,6944.504,944,16,-2131.356,44
4913.908,6655.595,945,16,-1741.687,35
4825.728,6633.778,946,16,-1808.05,37
4882.834,6662.438,947,16,-1779.604,36
4952.991,7162.092,948,16,-2209.101,45
4860.966,6621.914,949,16,-1760.948,36
4903.216,6613.669,950,16,-1710.453,35
4873.795,6936.454,951,16,-2062.659,42
4934.519,6872.785,952,16,-1938.266,39
4918.101,7107.277,953,16,-2189.176,45
4894.259,7182.076,954,16,-2287.817,47
4964.62,6643.73,955,16,-1679.11,34
4894.803,6610.001,956,16,-1715.198,35
4886.055,6817.407,957,16,-1931.352,40
4954.931,6535.306,958,16,-1580.375,32
4883.983,6509.069,959,16,-1625.086,33
5050.296,6855.356,960,16,-1805.06,36
5044.027,7036.604,961,16,-1992.577,40
4932.802,6850.746,962,16,-1917.944,39
5012.696,7096.007,963,16,-2083.311,42
4962.88,6848.75,964,16,-1885.87,38
5006.283,6771.879,965,16,-1765.596,35
5042.528,6955.953,966,16,-1913.425,38
5017.243,6590.596,967,16,-1573.353,31
4998.45,6617.715,968,16,-1619.265,32
5024.618,6717.557,969,16,-1692.939,34
5014.911,7302.817,970,16,-2287.906,46
5114.586,6965.394,971,16,-1850.808,36
4959.603,6652.675,972,16,-1693.072,34
4962.899,6820.537,973,16,-1857.638,37
4956.969,6317.643,974,16,-1360.674,27
4953.588,6727.751,975,16,-1774.163,36
5024.186,6668.041,976,16,-1643.855,33
4969.032,6605.622,977,16,-1636.59,33
4941.503,6484.036,978,16,-1542.533,31
5040.082,7326.864,979,16,-2286.782,45
4936.216,6777.04,980,16,-1840.824,37
5022.844,7074.117,981,16,-2051.273,41
5093.51,6669.538,982,16,-1576.028,31
5126.69,7196.051,983,16,-2069.361,40
5077.976,7181.666,984,16,-2103.69,41
5113.242,7107.609,985,16,-1994.367,39
5047.815,7400.934,986,16,-2353.119,47
5096.039,6652.348,987,16,-1556.309,31
5098.199,6934.152,988,16,-1835.953,36
5044.247,6746.657,989,16,-1702.41,34
5030.65,6440.979,990,16,-1410.329,28
5207.254,7128.852,991,16,-1921.598,37
5046.172,7416.582,992,16,-2370.41,47
5108.147,7069.463,993,16,-1961.316,38
5058.243,7008.274,994,16,-1950.031,39
5066.365,6762.508,995,16,-1696.143,33
5139.118,6877.622,996,16,-1738.504,34
5066.529,6891.266,997,16,-1824.737,36
5206.438,7159.26,998,16,-1952.822,38
5028.979,6772.666,999,16,-1743.687,35
5054.63,6827.227,1000,16,-1772.597,35
5243.531,7013.921,1001,16,-1770.39,34
5211.071,6851.573,1002,16,-1640.502,31
5112.705,7098.701,1003,16,-1985.996,39
5121.879,6646.459,1004,16,-1524.58,30
5132.894,6633.301,1005,16,-1500.407,29
5214.389,7078.197,1006,16,-1863.808,36
5223.198,6872.058,1007,16,-1648.86,32
5222.577,7857.239,1008,16,-2634.662,50
5211.977,6769.767,1009,16,-1557.79,30
5091.044,7439.258,1010,16,-2348.214,46
5267.241,7225.598,1011,16,-1958.357,37
5189.555,7214.759,1012,16,-2025.204,39
5162.257,7037.956,1013,16,-1875.699,36
5238.129,7027.711,1014,16,-1789.582,34
5181.863,7003.238,1015,16,-1821.375,35
5228.285,6637.343,1016,16,-1409.058,27
5237.961,6781.783,1017,16,-1543.822,29
5120.35,6551.32,1018,16,-1430.97,28
5193.108,6818.488,1019,16,-1625.38,31
5135.844,7002.427,1020,16,-1866.583,36
5256.969,6568.05,1021,16,-1311.081,25
5209.882,7398.626,1022,16,-2188.744,42
5229.762,6990.185,1023,16,-1760.423,34
5285.596,6870.108,1024,16,-1584.512,30